x,y,z,label
-0.8811,-4.8399,-7.7228,2
-1.049,-4.505,-8.5301,2
-1.013,-4.2704,-9.0995,2
-0.9489,-3.9566,-9.884,2
-0.9607,-3.8533,-10.2756,2
-0.8947,-3.9777,-10.0932,2
-0.8009,-4.1472,-9.5309,2
-0.8865,-4.3438,-8.9805,2
-0.921,-4.3375,-8.7348,2
-0.7869,-4.5164,-8.6872,2
-0.7187,-4.6762,-8.5629,2
-0.6306,-4.7146,-8.573,2
-0.5044,-4.9157,-8.6375,2
-0.7536,-5.483,-8.2515,2
-1.4103,-6.0763,-6.981,2
-1.3078,-5.8091,-6.3909,2
-0.8187,-5.6171,-9.5101,2
-0.1372,-5.1187,-7.831,2
0.116,-5.3103,-8.0282,2
0.0949,-5.3923,-7.939,2
-0.901,-6.0537,-7.3334,2
-1.3865,-5.696,-7.3394,2
-2.6457,-4.6802,-7.4162,2
0.7904,-6.3527,-8.9093,2
-0.612,-4.6889,-5.015,2
0.4289,-7.2492,-6.7491,2
-0.1821,-5.65,-6.9133,2
-0.4223,-5.413,-6.5375,2
-0.9858,-4.8138,-4.8382,2
0.2783,-4.3802,-2.6938,2
0.5155,-4.6085,-3.847,2
0.7848,-4.7321,-6.3283,2
0.1252,-3.4093,-4.812,2
-0.5308,-3.6259,-5.0625,2
-1.7214,-4.6139,-6.4596,2
-1.6463,-6.1184,-7.1919,2
-1.3672,-4.1954,-4.77,2
0.1733,-2.7816,-5.6449,2
0.5086,-4.0209,-5.5357,2
0.0144,-4.0258,-4.4647,2
-0.571,-4.3118,-4.0787,2
0.532,-4.4234,-4.5215,2
0.6038,-3.9748,-4.2552,2
0.3795,-3.5295,-2.5599,2
1.6689,-6.6072,-4.7574,2
1.0876,-5.1623,-6.7261,2
-0.04,-2.7565,-7.7204,2
0.4434,-4.1369,-8.33,2
0.4096,-4.5907,-6.8539,2
0.138,-7.0038,-6.0389,2
0.3229,-8.5337,-8.0403,2
-0.6601,-6.1552,-9.2944,2
-0.6346,-7.5078,-8.3905,2
-2.3311,-7.0333,-7.3815,2
-2.4774,-7.9444,-7.1124,2
-1.4355,-8.5989,-7.9374,2
-0.3201,-9.1873,-8.1527,2
-0.174,-8.8048,-7.5655,2
-0.7061,-8.581,-7.0413,2
-0.2878,-8.7978,-6.5487,2
-0.2116,-8.7752,-6.5962,2
-0.4212,-8.9241,-6.8715,2
-0.7015,-9.0956,-6.9267,2
-0.4571,-9.3706,-6.8793,2
0.5029,-9.6953,-6.5941,2
0.9327,-9.7923,-7.3294,2
0.9382,-10.0239,-7.5362,2
0.756,-10.0417,-8.0314,2
0.5694,-9.6573,-8.0316,2
1.0645,-9.7947,-7.8697,2
1.3282,-9.9554,-7.7753,2
1.1347,-10.1951,-7.854,2
1.1145,-10.3473,-7.6582,2
0.7935,-10.3492,-7.5574,2
1.1589,-10.8175,-7.3827,2
1.1387,-11.1583,-7.2643,2
1.0937,-11.6268,-6.9631,2
1.5004,-12.3467,-6.8161,2
1.163,-12.4488,-7.8319,2
0.737,-12.4347,-8.4149,2
1.1453,-13.0623,-8.7439,2
1.4407,-13.4009,-9.1667,2
1.3312,-13.3191,-9.6718,2
0.6975,-13.1765,-10.414,2
0.2059,-13.0239,-10.3168,2
0.2309,-12.9489,-10.0256,2
0.6219,-12.7744,-9.7393,2
0.7063,-12.5223,-9.0677,2
0.7299,-12.2023,-8.5382,2
0.4199,-11.3548,-7.5919,2
0.5775,-10.8151,-7.3388,2
0.7932,-10.6514,-7.3315,2
1.0394,-10.2668,-7.3815,2
0.9643,-9.7914,-7.0756,2
0.8375,-9.4967,-7.1037,2
0.9255,-9.3188,-6.7467,2
1.4522,-9.3806,-5.6533,2
1.4014,-9.3203,-5.3385,2
0.9433,-9.093,-5.3015,2
1.0585,-8.5419,-5.6388,2
1.1516,-8.2775,-5.6092,2
1.1374,-8.0192,-5.0263,2
0.8848,-8.1374,-4.134,2
0.5263,-8.0691,-3.7778,2
-0.1435,-8.1087,-3.6265,2
0.1021,-7.8216,-3.4638,2
0.1145,-7.4868,-3.6987,2
0.1682,-6.7991,-3.9268,2
0.3698,-6.6412,-3.2932,2
0.4152,-6.5483,-2.7473,2
0.741,-6.5636,-1.5842,2
0.5127,-6.1824,-1.0714,2
0.6099,-6.1119,-1.0952,2
0.5257,-5.8674,-1.5079,2
0.444,-5.8344,-1.4965,2
0.4287,-5.8477,-1.2583,2
0.4872,-5.8993,-0.4832,2
0.1483,-5.871,0.1529,2
0.1106,-5.7157,-0.1529,2
-0.0015,-5.3247,-1.0945,2
0.3567,-5.3187,-1.2207,2
0.5692,-5.3513,-1.1422,2
0.5625,-5.5777,-0.0872,2
0.4592,-5.8968,0.8354,2
0.438,-6.0268,0.867,2
0.7112,-6.2065,0.4073,2
1.0593,-6.5342,-0.107,2
1.088,-6.8091,-0.2348,2
0.6246,-7.4475,0.0004,2
0.6063,-8.1045,0.1221,2
0.7938,-8.3442,-0.0263,2
1.394,-8.7436,-0.4634,2
0.3425,-8.8365,-0.899,2
0.2984,-9.3488,-0.9533,2
0.5046,-9.8493,-1.101,2
0.8859,-9.8927,-2.2232,2
1.0786,-9.8919,-2.4942,2
0.918,-9.9843,-1.9227,2
0.2562,-10.3593,-0.9273,2
0.4224,-10.5556,-0.5948,2
0.5362,-10.2855,-0.7189,2
0.6099,-9.8496,-1.719,2
0.4486,-9.6991,-2.0756,2
0.5602,-9.6822,-1.9369,2
-0.1441,-9.4414,-0.9313,2
-0.4865,-9.3036,-0.1971,2
-0.3187,-9.1677,-0.0792,2
-0.1957,-8.6238,-0.4233,2
0.356,-7.9875,-0.561,2
0.3576,-7.6016,-0.4832,2
0.2191,-6.6786,-0.3639,2
-0.3632,-5.6662,-0.4203,2
-0.5567,-5.4465,-0.5782,2
0.1668,-5.0946,-0.5273,2
0.318,-4.3949,-1.1039,2
0.3461,-3.9841,-1.4718,2
0.6116,-3.232,-2.1139,2
0.9093,-2.9811,-2.2916,2
1.3285,-3.2112,-1.929,2
1.0207,-3.3667,-1.4328,2
0.3892,-3.4527,-1.5739,2
0.1695,-3.4753,-1.7737,2
0.2414,-4.085,-2.206,2
0.4474,-5.1861,-2.5868,2
0.0986,-5.6925,-2.9428,2
-0.57,-6.2912,-3.9055,2
-0.0588,-6.9499,-4.6932,2
0.3838,-7.4362,-4.6302,2
0.4423,-8.3522,-4.5361,2
0.5293,-9.038,-5.5471,2
1.1145,-9.3036,-6.0311,2
1.5498,-9.1574,-8.1336,2
1.4052,-9.5336,-8.6715,2
1.011,-9.9226,-8.2332,2
1.0919,-10.5786,-7.1346,2
0.5891,-10.6708,-7.4777,2
0.4827,-10.6856,-7.3275,2
0.549,-11.2031,-7.0325,2
0.7316,-11.7021,-6.7895,2
0.407,-11.8546,-6.6822,2
-0.1176,-12.1965,-6.5046,2
-0.458,-12.3358,-7.7705,2
0.2271,-12.5275,-8.0725,2
0.7398,-12.8554,-7.2055,2
1.0789,-13.3456,-5.9355,2
1.0732,-13.5198,-5.7742,2
0.691,-13.8895,-5.4265,2
0.8235,-14.4626,-5.9248,2
1.4138,-14.5792,-6.147,2
2.0104,-15.0948,-7.7824,2
0.9403,-15.3302,-8.7064,2
0.0783,-15.4053,-8.5858,2
-0.915,-15.4014,-8.5308,2
-0.0979,-15.3031,-9.1236,2
0.4142,-15.1486,-9.4393,2
0.4205,-14.666,-9.5193,2
0.4588,-14.3218,-9.1183,2
0.4854,-13.8427,-9.0018,2
1.0011,-13.1464,-8.6716,2
1.378,-12.6538,-7.5054,2
1.4069,-12.4648,-7.0524,2
1.6819,-11.9233,-7.0554,2
2.3432,-11.1294,-7.7086,2
2.4047,-10.7365,-7.1901,2
2.1772,-10.725,-6.535,2
1.8483,-10.8088,-5.8425,2
1.136,-10.6223,-5.6991,2
0.6053,-10.5421,-5.7186,2
0.3334,-10.4296,-5.1852,2
-0.1558,-10.0404,-4.985,2
-0.4432,-9.7184,-5.2023,2
-0.794,-9.221,-5.2571,2
-1.0819,-8.4484,-4.6533,2
-1.3741,-8.0492,-4.023,2
-0.6604,-7.9678,-3.0468,2
0.035,-7.1325,-3.588,2
0.2575,-6.7534,-3.9228,2
-0.0825,-6.0916,-4.0067,2
-0.5564,-5.912,-2.7391,2
-0.8094,-5.8791,-1.8402,2
-1.0359,-6.0645,-0.281,2
-0.3853,-5.9294,-0.4806,2
-0.0723,-5.652,-1.2187,2
0.3105,-4.9521,-2.25,2
0.2536,-4.5188,-2.3433,2
0.2405,-4.4429,-2.0467,2
-0.0977,-4.4617,-0.9729,2
-0.297,-4.6844,-0.7385,2
0.0133,-4.858,-0.6942,2
1.1061,-5.0914,-1.1268,2
1.5748,-5.1145,-2.1302,2
1.5197,-5.2681,-2.355,2
0.8332,-5.7416,-1.6607,2
1.3174,-6.7955,-1.1266,2
1.7015,-7.2218,-1.1305,2
1.8964,-7.6848,-1.4313,2
2.3789,-8.1142,-1.6077,2
2.1067,-8.1403,-1.8527,2
1.6718,-8.5895,-1.9603,2
1.5408,-9.2006,-1.3286,2
1.4753,-9.4275,-1.1193,2
1.2638,-9.5611,-1.3481,2
1.1525,-9.3651,-1.8206,2
1.0382,-9.1279,-2.1094,2
1.0671,-8.9311,-2.4874,2
1.1293,-8.7944,-2.0821,2
0.9138,-8.8035,-1.4679,2
0.7271,-9.2781,-0.1785,2
0.0153,-9.2931,0.0373,2
0.104,-9.1964,-0.3036,2
0.6277,-9.049,-1.1239,2
0.8785,-8.8081,-1.1682,2
0.8182,-8.6483,-1.191,2
0.5148,-8.6636,-1.0555,2
0.2276,-8.194,-1.7171,2
0.4723,-8.0165,-2.1253,2
0.6568,-7.6576,-2.2901,2
0.4021,-7.5543,-1.8847,2
0.3219,-7.5636,-1.7591,2
0.2945,-7.324,-1.3215,2
0.0872,-6.8609,-1.2073,2
-0.0822,-6.4648,-1.5312,2
0.075,-5.9783,-2.5402,2
0.6072,-5.8809,-2.8174,2
0.3018,-5.6032,-2.7046,2
-0.7543,-4.8734,-3.1871,2
-0.7438,-4.6834,-3.1705,2
-0.5908,-4.7103,-2.865,2
0.092,-4.9026,-2.4786,2
0.3344,-4.3299,-2.9378,2
0.4449,-4.2401,-3.1485,2
0.5686,-3.9602,-3.452,2
0.997,-4.1726,-4.1131,2
0.9801,-4.4179,-4.1676,2
1.232,-5.2946,-3.6673,2
0.8356,-6.0908,-2.8724,2
0.2479,-6.3696,-3.2947,2
0.3145,-7.0928,-3.1978,2
0.0298,-8.2058,-4.3356,2
-0.3621,-8.4665,-4.5578,2
-1.4401,-8.7068,-5.687,2
-0.7775,-9.1849,-5.1085,2
-0.1522,-9.3468,-5.1893,2
1.068,-10.0553,-5.5052,2
0.3587,-10.5818,-5.1423,2
-0.1978,-10.7302,-4.7996,2
0.0232,-11.1461,-3.4782,2
1.4029,-11.0171,-4.9553,2
2.1898,-10.9864,-5.8282,2
2.9479,-10.8652,-6.9757,2
1.5464,-11.0979,-6.9749,2
0.3106,-11.167,-7.21,2
0.5224,-11.9336,-6.3078,2
0.9869,-12.6109,-6.0171,2
0.674,-13.1986,-6.0036,2
0.5537,-13.5555,-5.8128,2
1.1513,-13.9757,-6.9945,2
1.6559,-14.4646,-7.081,2
1.5517,-15.5218,-5.6764,2
-4.0863,-16.1903,-7.6806,2
-5.2568,-20.5092,-12.6142,2
1.0291,-18.5718,-9.0923,2
2.0653,-15.9056,-6.6129,2
1.3982,-14.6064,-6.3387,2
-2.2097,-14.3918,-11.176,2
-1.6243,-15.159,-14.2169,2
-0.4928,-15.2912,-14.0495,2
1.85,-14.1246,-10.1676,2
3.1976,-12.3478,-5.725,2
3.5485,-11.7235,-3.6039,2
1.8548,-10.1168,-1.0204,2
0.8495,-10.6228,0.2677,2
1.1745,-10.9723,0.2451,2
0.8526,-10.3257,-2.2564,2
1.0105,-10.1559,-5.1366,2
1.8396,-10.8154,-5.5759,2
1.5462,-10.9741,-4.9858,2
-0.0781,-11.2551,-4.5939,2
-0.2266,-11.1556,-5.0386,2
0.4046,-11.0359,-5.6837,2
1.3702,-10.5034,-6.3609,2
1.0959,-9.9952,-6.0237,2
0.6038,-9.896,-5.4724,2
-0.3493,-9.4318,-4.8337,2
0.57,-8.9371,-4.4573,2
0.929,-8.5222,-4.5096,2
1.7202,-8.0526,-4.5979,2
1.0707,-6.7588,-4.6043,2
0.2613,-6.404,-4.7377,2
0.8727,-6.7077,-3.7758,2
1.2112,-6.5019,-3.0825,2
1.303,-6.4111,-2.9868,2
0.4464,-5.8621,-3.0448,2
-0.6657,-5.8969,-2.4692,2
-0.4854,-6.1208,-1.784,2
-0.2469,-5.9809,-1.0657,2
0.3213,-5.615,-2.4496,2
0.1504,-5.1604,-3.064,2
-0.1309,-5.0515,-3.821,2
-0.176,-5.3343,-2.8135,2
-0.4281,-5.4173,-2.2588,2
-0.7138,-5.4672,-1.5815,2
-0.7657,-5.4778,-2.0812,2
-0.4336,-5.4839,-2.4439,2
0.1305,-5.4268,-2.6832,2
0.3029,-5.7259,-1.9314,2
0.6717,-6.0371,-1.202,2
1.3222,-6.7244,0.1136,2
1.375,-7.1669,-0.2221,2
1.4554,-7.2137,-0.7403,2
1.2324,-7.3248,-1.7491,2
1.541,-8.0126,-1.7867,2
1.6966,-8.4638,-1.5932,2
1.6899,-8.9977,-1.1881,2
1.2445,-9.3121,-1.5408,2
1.2582,-9.3,-1.779,2
0.6659,-8.7712,-3.0083,2
1.5036,-8.7104,-4.108,2
1.7065,-8.6965,-4.3274,2
1.5404,-8.7209,-3.9012,2
1.0526,-8.8981,-3.3022,2
0.6846,-8.983,-3.1892,2
0.513,-9.2473,-2.9785,2
0.5121,-9.2765,-2.4973,2
0.5834,-9.4106,-2.5343,2
0.3623,-9.1987,-2.9341,2
0.1926,-9.1014,-3.3229,2
0.1471,-8.9714,-3.4716,2
0.4254,-8.9401,-3.1167,2
0.4311,-8.8407,-2.0903,2
0.4172,-8.8108,-1.8241,2
0.3361,-8.4084,-1.9694,2
0.3995,-7.7985,-2.3846,2
0.502,-7.4843,-2.4068,2
0.7051,-6.9647,-2.3153,2
0.7067,-6.6915,-1.8952,2
0.3071,-6.4175,-1.9318,2
0.1525,-6.0727,-2.1274,2
0.163,-5.9265,-1.8838,2
0.1938,-5.1489,-2.8784,2
0.4817,-4.8114,-3.3853,2
0.54,-4.6913,-3.2675,2
0.4577,-4.5741,-2.5807,2
0.5867,-4.4198,-2.8277,2
0.6312,-4.0704,-3.636,2
1.2163,-4.4119,-3.7089,2
1.3068,-4.6654,-3.336,2
1.2046,-5.1445,-3.4581,2
1.4504,-5.4637,-4.1212,2
1.0943,-5.2693,-4.6346,2
1.5718,-6.1808,-5.1872,2
1.3731,-7.214,-4.5138,2
0.9291,-7.3278,-4.2939,2
0.6605,-7.4343,-5.243,2
-0.1502,-7.4974,-5.1893,2
-0.7085,-8.2269,-3.8798,2
-0.7597,-9.3537,-2.3929,2
-0.3163,-8.8253,-3.7396,2
0.0829,-8.5018,-4.473,2
0.1758,-7.2431,-5.1803,2
0.4651,-10.5409,-4.7616,2
0.3585,-9.8052,-3.1472,2
-0.7308,-9.2181,-0.8054,2
0.3915,-10.6566,-2.3557,2
0.5969,-10.271,-3.3639,2
-0.8232,-11.8022,-4.3808,2
-2.4137,-12.6825,-2.6522,2
-2.5881,-13.3038,-2.1602,2
-2.1443,-13.6692,-2.3783,2
-1.4627,-14.3366,-3.702,2
-1.5371,-15.2024,-4.319,2
-1.6713,-16.1656,-4.4037,2
-1.8612,-17.0677,-4.0673,2
-1.9917,-17.3756,-4.6676,2
-2.1427,-17.6694,-6.3753,2
-2.4983,-17.6355,-7.9142,2
-2.2585,-17.9329,-7.3575,2
-1.8913,-18.2923,-4.3,2
-1.4748,-17.0953,-3.8562,2
-0.6671,-16.3437,-4.3338,2
0.8745,-14.9281,-5.4893,2
0.5731,-14.6099,-6.0909,2
0.5197,-14.6429,-5.9886,2
1.0921,-15.2728,-5.993,2
0.3277,-14.9694,-4.8625,2
0.1273,-14.9563,-4.7124,2
-0.2388,-14.1442,-5.7612,2
-0.6204,-13.3689,-7.1697,2
-0.4857,-13.0372,-6.9174,2
-1.027,-12.7406,-5.854,2
-1.2257,-12.533,-4.4489,2
-1.2818,-12.2977,-3.5876,2
-1.4459,-12.0983,-2.7563,2
-1.426,-11.4648,-3.2091,2
-1.5942,-10.8902,-3.5566,2
-1.5761,-10.0974,-3.9902,2
-0.7542,-9.7302,-3.0559,2
-0.3876,-9.6619,-2.3734,2
0.3707,-9.2952,-2.2423,2
0.2611,-8.2078,-3.0601,2
0.0663,-7.9945,-3.718,2
-0.1362,-7.7261,-3.5566,2
0.0447,-7.9868,-2.4231,2
0.4184,-7.4597,-2.1409,2
0.4553,-7.0645,-2.1416,2
0.1549,-6.3099,-1.5898,2
0.1378,-5.7851,-1.3252,2
0.0798,-5.5376,-1.6194,2
-0.0289,-4.9663,-2.2609,2
0.3075,-4.5837,-2.6544,2
0.6285,-4.6256,-2.1677,2
0.9304,-4.3528,-1.1064,2
0.792,-4.0383,-0.3089,2
1.0113,-4.1185,0.1146,2
1.3167,-4.4653,0.369,2
1.2655,-5.1097,0.372,2
0.6806,-5.4235,0.0916,2
-0.3288,-5.9921,0.5608,2
0.2918,-7.1091,0.8929,2
0.5558,-7.4436,0.989,2
0.8227,-8.2856,0.775,2
0.6888,-8.8319,0.9278,2
0.1199,-8.7067,0.3285,2
-0.7,-8.6933,-0.7916,2
0.7651,-9.3995,-0.4558,2
1.299,-9.4532,-0.1927,2
1.279,-9.1054,-0.1905,2
0.4606,-8.8614,-0.6129,2
0.3033,-8.9566,-0.6186,2
0.5583,-9.1963,-0.0331,2
1.1872,-9.0037,-0.4205,2
1.3946,-8.7954,-0.9577,2
1.4597,-8.609,-1.2875,2
1.7343,-8.8107,-0.5447,2
1.4214,-8.7565,0.0857,2
0.9233,-8.7617,0.6367,2
0.8689,-8.812,0.4669,2
0.8652,-8.7964,0.0751,2
0.8253,-8.7252,-0.612,2
0.8872,-8.8669,-0.3261,2
0.5969,-8.868,0.6047,2
0.5745,-8.8125,0.7334,2
0.7072,-8.3809,0.4914,2
0.5602,-7.8335,-0.3639,2
0.5182,-7.6104,-0.4226,2
0.277,-7.1688,-0.513,2
-0.23,-6.8684,-0.523,2
-0.4134,-6.6072,-0.3135,2
-0.6443,-6.2203,-0.5353,2
-0.6746,-5.6786,-0.7438,2
-0.6047,-5.3874,-0.7988,2
-0.8953,-4.7624,-0.9441,2
-0.7198,-4.537,-1.3505,2
-0.4741,-4.4005,-1.4352,2
0.0394,-4.4754,-0.9411,2
0.4179,-4.7348,-0.3313,2
0.3608,-4.8204,-0.4595,2
0.4465,-5.0735,-1.2025,2
1.3466,-5.7238,-2.1575,2
1.6061,-6.1076,-2.4666,2
1.3259,-7.4665,-3.414,2
0.2032,-8.424,-4.194,2
-0.1001,-8.9723,-4.1634,2
0.0964,-9.9916,-2.9785,2
0.4521,-10.373,-3.6048,2
0.4559,-10.3986,-4.5511,2
0.4149,-11.3062,-5.1299,2
-0.0614,-11.7801,-3.4155,2
-0.4501,-12.0657,-2.7017,2
0.1856,-12.4877,-2.1665,2
0.4513,-12.4069,-2.8163,2
0.0994,-12.2736,-3.4204,2
-0.5508,-12.1964,-3.5186,2
-0.5858,-12.3559,-2.7433,2
-0.744,-12.4452,-2.3619,2
-0.5272,-12.8153,-2.4997,2
0.1474,-13.1228,-3.2775,2
0.0913,-13.1413,-3.6112,2
-0.8155,-12.9856,-3.0125,2
-0.6557,-13.0913,-2.8249,2
-0.2637,-13.2672,-2.6918,2
0.4176,-14.0161,-2.1244,2
0.3834,-14.2986,-2.3349,2
0.243,-14.3235,-2.8582,2
0.4096,-14.2931,-3.8565,2
1.2749,-14.7996,-3.3449,2
1.0065,-15.4339,-2.5203,2
0.5595,-15.7737,-2.8745,2
0.0546,-16.1781,-3.6679,2
-0.5291,-16.2875,-4.4793,2
-0.4007,-16.5053,-4.1538,2
0.2295,-16.2587,-3.9436,2
0.5571,-15.4258,-5.2116,2
0.5143,-14.9055,-5.7422,2
-0.0132,-14.5533,-5.2924,2
0.081,-14.303,-3.6732,2
-0.1507,-13.8478,-3.484,2
-0.1936,-12.9169,-4.1192,2
0.731,-12.2493,-4.432,2
0.8568,-11.8856,-4.461,2
0.482,-11.3074,-3.2447,2
0.0531,-11.2316,-2.0699,2
0.2412,-11.1939,-2.0298,2
0.3822,-10.835,-3.0156,2
0.8169,-10.498,-3.305,2
0.718,-10.2533,-3.4022,2
0.6054,-10.092,-3.3782,2
0.3865,-10.2506,-3.0957,2
0.2405,-10.2568,-2.8165,2
0.2771,-9.8433,-2.8214,2
0.3647,-9.1209,-3.253,2
0.1365,-8.8784,-3.3951,2
-0.1531,-8.2823,-3.3794,2
-0.3982,-7.8485,-1.6744,2
-1.06,-7.6209,-0.8514,2
-1.3075,-7.2871,0.3148,2
-0.5426,-6.3349,-0.5956,2
0.0488,-5.8953,-1.1887,2
0.9493,-5.3219,-2.5114,2
0.9062,-5.0426,-2.501,2
0.4173,-5.1086,-1.9555,2
-0.1122,-5.4012,-0.1398,2
-0.0618,-5.5641,0.2421,2
0.0551,-5.5571,-0.0807,2
0.2732,-5.4362,-1.1937,2
0.2376,-5.4417,-2.0975,2
-0.1264,-5.4497,-2.0295,2
-0.3581,-6.0777,-0.8592,2
0.122,-6.4615,-0.1905,2
0.366,-6.5664,-0.3175,2
1.0542,-6.9288,-1.1793,2
0.5754,-7.0858,-2.3842,2
0.3334,-7.2208,-2.4255,2
0.3645,-7.8112,-1.2113,2
0.5281,-8.1793,-0.6762,2
0.811,-8.3384,-0.8278,2
1.1984,-8.5881,-1.1374,2
1.3517,-8.7523,-1.1073,2
1.1357,-8.7152,-1.0713,2
0.9426,-8.8232,-0.4687,2
1.1452,-8.8675,-0.4082,2
1.1724,-8.8618,-0.5704,2
1.1148,-8.9552,-0.7581,2
0.9502,-8.9322,-1.1458,2
0.6428,-8.8708,-1.3719,2
0.1579,-9.3541,-1.0597,2
0.0935,-9.6923,-0.4773,2
0.1074,-9.6377,-0.6072,2
0.2249,-9.5565,-0.7301,2
0.7219,-9.3218,-0.6093,2
0.3644,-8.8454,-0.7817,2
0.5965,-8.8129,-0.5661,2
0.5326,-8.5213,-0.7023,2
0.2309,-8.2585,-1.1236,2
0.3409,-8.1433,-1.2137,2
0.6804,-7.9007,-1.5589,2
0.6087,-7.6263,-1.7425,2
0.4347,-7.371,-2.0074,2
0.409,-7.1783,-1.6305,2
0.0983,-7.1527,-1.1067,2
-0.016,-7.1268,-1.0479,2
-0.1101,-6.7584,-1.6569,2
-0.3567,-6.3838,-1.8768,2
-0.1012,-6.3162,-1.6677,2
0.2759,-5.9544,-1.4587,2
0.775,-6.0123,-1.3686,2
0.6421,-5.9548,-1.4662,2
0.5053,-5.9858,-1.8985,2
0.3798,-5.7429,-2.5739,2
0.4963,-5.7914,-2.964,2
0.9966,-6.2991,-3.3121,2
1.0944,-6.9837,-3.2166,2
0.9183,-7.2686,-3.1708,2
0.612,-7.6047,-3.1258,2
0.1933,-7.9244,-2.6858,2
0.3527,-8.4014,-2.496,2
0.4102,-8.8512,-3.0444,2
-0.0494,-8.909,-4.4258,2
-0.2568,-9.2157,-4.6253,2
0.1309,-10.0892,-4.0592,2
0.3928,-10.2614,-3.2835,2
0.1903,-10.1287,-3.1466,2
-0.4625,-10.3229,-3.4933,2
0.2331,-11.053,-3.0613,2
0.5587,-11.2441,-2.6613,2
0.224,-11.1359,-3.2929,2
0.4137,-11.7488,-3.9669,2
0.5815,-11.9964,-4.0522,2
0.5415,-12.7183,-3.9011,2
0.469,-12.941,-3.698,2
0.322,-13.0378,-3.9456,2
1.2362,-13.7592,-3.6166,2
1.3722,-14.2064,-3.3791,2
1.3993,-14.5838,-3.1138,2
1.3352,-15.0374,-2.7493,2
1.2531,-15.3046,-3.0664,2
1.5007,-15.4917,-3.323,2
2.2413,-16.031,-3.1512,2
1.7216,-15.9877,-2.7705,2
1.1239,-16.113,-2.6372,2
0.4374,-16.4,-2.2709,2
1.2564,-16.0193,-3.5888,2
1.6789,-15.7727,-4.1047,2
1.9957,-15.3081,-4.7315,2
0.8618,-14.631,-4.4547,2
0.5121,-14.6497,-3.9726,2
0.5766,-14.3601,-3.6103,2
0.6024,-13.982,-3.698,2
0.0501,-13.3468,-4.0296,2
0.0099,-13.0966,-3.9525,2
0.1978,-12.5639,-3.3698,2
0.2122,-12.2775,-3.4379,2
0.0676,-12.1669,-3.5539,2
0.2735,-12.0829,-3.4925,2
0.6807,-11.7585,-3.0546,2
0.6752,-11.3503,-3.1457,2
0.9439,-10.7615,-3.199,2
1.1235,-10.3365,-2.8558,2
1.0126,-10.2566,-2.8656,2
0.7518,-10.0025,-2.6357,2
0.7555,-9.5647,-2.4808,2
0.6313,-9.2329,-2.2404,2
0.2125,-8.7556,-2.1757,2
0.1627,-8.6761,-2.5901,2
0.2186,-8.5183,-2.4711,2
0.6584,-8.0147,-2.3541,2
1.0029,-7.3194,-2.1759,2
0.8882,-6.8296,-2.2368,2
0.2113,-6.3454,-1.8347,2
0.091,-6.2141,-0.9635,2
0.1314,-5.9092,-1.2187,2
0.4034,-5.2651,-1.8465,2
0.3385,-4.6383,-2.4566,2
0.3593,-4.5922,-2.3958,2
0.2052,-4.6055,-1.492,2
-0.0356,-4.6058,0.0859,2
0.2758,-4.7323,0.6879,2
0.3671,-4.609,0.7518,2
1.3063,-5.1935,0.4233,2
1.6132,-5.2696,-0.2801,2
1.8536,-5.4176,-1.5075,2
1.5588,-6.1206,-0.8402,2
1.6126,-6.8823,0.0901,2
1.6053,-7.8518,0.6677,2
1.6617,-8.1102,-0.4211,2
1.4479,-8.074,-0.8832,2
1.5034,-8.6184,-0.907,2
1.9154,-9.1336,-0.1968,2
2.0075,-9.3907,0.0453,2
1.5565,-9.5167,-0.0787,2
1.6104,-9.5292,-0.7914,2
1.5893,-9.3939,-1.1536,2
1.4599,-9.2466,-1.6519,2
1.2487,-9.3799,-1.3728,2
1.0968,-9.5407,-1.1947,2
0.7021,-9.6682,-1.0081,2
0.4525,-9.686,-1.1504,2
0.5204,-9.6141,-1.3119,2
0.8028,-9.5204,-1.5229,2
0.4301,-9.3314,-1.4216,2
0.3551,-9.4587,-1.2034,2
0.4486,-9.6762,-0.6047,2
0.7881,-9.4127,-0.948,2
1.0298,-9.194,-1.082,2
1.447,-8.7511,-1.2954,2
1.0823,-8.405,-1.1564,2
0.9227,-8.3423,-0.9538,2
0.797,-8.2645,-0.3992,2
0.5903,-7.8386,-0.7395,2
0.466,-7.5943,-0.9569,2
0.5589,-7.0954,-1.3635,2
0.3264,-6.3246,-1.6936,2
0.1504,-5.7893,-1.4023,2
0.309,-5.5519,-1.4038,2
0.5436,-5.1227,-1.4635,2
0.4185,-4.9334,-1.4651,2
-0.1671,-4.8111,-1.1705,2
-0.1911,-4.865,-0.8453,2
0.1273,-4.7886,-0.8241,2
0.6463,-4.8556,-1.2092,2
-0.187,-5.0314,-1.7566,2
0.2646,-5.8763,-0.8199,2
1.0358,-6.0692,-0.6547,2
1.2257,-6.0341,-0.9213,2
0.4884,-6.4073,-2.3833,2
0.548,-7.0396,-2.5027,2
0.4781,-7.9692,-2.2396,2
0.3534,-8.9584,-0.9922,2
0.4848,-9.4297,-0.6996,2
-0.0401,-9.5424,-2.3249,2
0.5318,-9.6464,-4.1501,2
1.2477,-9.8687,-4.354,2
1.8838,-10.706,-3.7263,2
1.4629,-11.5193,-2.9507,2
1.0626,-11.891,-2.5147,2
0.6149,-12.3292,-2.2197,2
1.0204,-12.1147,-2.7985,2
1.0301,-11.8344,-3.0475,2
1.0962,-12.5486,-3.3151,2
0.2408,-13.7278,-2.2,2
-0.2725,-14.1422,-1.6749,2
0.1761,-14.9311,-1.2236,2
0.8015,-15.4833,-1.1328,2
0.8004,-15.514,-1.8724,2
1.5704,-16.0935,-3.2663,2
2.0183,-16.6656,-3.0448,2
2.3227,-18.0752,-1.8881,2
0.8739,-18.6665,-2.0845,2
0.3392,-19.1029,-2.2214,2
0.6048,-19.446,-1.6421,2
0.4685,-19.4722,-1.1823,2
0.8734,-18.8611,-2.8154,2
1.3711,-18.4879,-3.5353,2
1.5534,-17.7056,-4.4959,2
0.3714,-17.4596,-4.2241,2
-0.1411,-17.3873,-3.4529,2
-0.3048,-16.6176,-2.6288,2
0.5182,-15.0464,-3.3396,2
1.0729,-14.3435,-3.5949,2
1.0011,-12.8184,-3.5217,2
0.2815,-12.2454,-1.5628,2
-0.1583,-12.0862,-0.6238,2
-0.5227,-11.7711,-0.0504,2
-0.0528,-11.1085,-0.9776,2
0.1088,-10.6684,-1.7588,2
0.4419,-10.11,-2.348,2
0.7238,-9.6346,-1.519,2
0.4001,-9.2712,-1.1883,2
0.1136,-8.8732,-0.8208,2
0.0997,-8.2094,-0.8618,2
0.1227,-7.9637,-0.8437,2
0.45,-7.5046,-0.5071,2
0.841,-7.2175,-0.3511,2
0.9574,-7.169,-0.5816,2
0.7263,-6.8718,-0.798,2
-0.0827,-6.8688,0.395,2
-0.4679,-6.9052,1.0862,2
-0.9676,-6.7418,1.1821,2
-0.9708,-6.0686,0.2029,2
-0.4898,-5.8041,-0.3431,2
0.0721,-5.1475,-1.3303,2
0.271,-4.5402,-2.0141,2
0.3469,-4.347,-1.9231,2
0.4299,-4.2517,-0.9092,2
0.4717,-4.101,-0.2794,2
0.753,-4.1161,-0.245,2
0.86,-4.1882,-0.127,2
0.9807,-4.7936,-0.2788,2
1.2709,-5.1989,-0.1565,2
1.6351,-5.9503,0.6261,2
1.0038,-6.7175,1.1307,2
1.0739,-7.2297,1.081,2
1.8474,-8.0132,0.4772,2
2.053,-8.1546,0.1459,2
1.8416,-8.2081,0.2912,2
2.0059,-8.6901,0.9334,2
2.481,-9.1626,1.2254,2
2.5533,-9.2296,1.0859,2
2.769,-9.5372,0.7835,2
2.4744,-9.3778,0.6024,2
2.3158,-9.24,0.413,2
2.2494,-9.2639,0.3855,2
2.1271,-9.3122,0.0525,2
1.8027,-9.1891,-0.3092,2
1.3617,-9.124,-0.3334,2
1.0775,-9.4653,0.1336,2
1.2231,-9.3534,0.3274,2
1.3737,-9.2636,0.4031,2
1.1094,-9.4819,0.8797,2
0.9711,-9.6407,0.9819,2
0.8695,-9.599,0.8003,2
1.1007,-9.5285,0.2487,2
2.1326,-9.6178,-0.2975,2
2.4181,-9.3509,-0.5011,2
1.9005,-8.7472,-0.7911,2
0.7096,-8.5244,-0.5142,2
0.6647,-8.6802,-0.1004,2
0.9589,-8.4601,-0.1862,2
1.3997,-7.8483,-1.047,2
1.3258,-7.5393,-1.1838,2
0.5248,-6.8702,-1.0295,2
0.2674,-6.7109,-0.5215,2
0.3135,-6.7078,-0.3395,2
0.4345,-6.4853,-0.3927,2
0.5043,-6.0584,-1.0584,2
0.5332,-5.898,-1.4263,2
0.7057,-5.6698,-1.8182,2
0.5842,-5.5707,-2.0496,2
0.5484,-5.6122,-2.0671,2
0.7623,-5.9179,-1.7669,2
1.224,-6.0742,-1.9291,2
1.1037,-5.9589,-2.4989,2
1.1176,-6.085,-3.3821,2
1.199,-6.4524,-3.3484,2
0.8679,-6.6589,-3.1514,2
0.6608,-7.2483,-2.4512,2
0.063,-7.9959,-1.2267,2
0.0551,-8.1832,-0.9758,2
0.6063,-8.1584,-1.1744,2
1.1971,-8.2211,-1.8902,2
1.2495,-8.3417,-2.1537,2
0.1936,-8.9967,-2.0282,2
0.0461,-9.5972,-1.6035,2
0.4037,-9.7342,-1.385,2
1.1138,-9.6988,-1.9264,2
0.6822,-9.8224,-3.5476,2
0.722,-10.1751,-3.5843,2
1.0542,-10.8662,-2.9271,2
0.9649,-11.1549,-2.8311,2
0.9885,-11.4156,-3.0228,2
1.1558,-11.8215,-3.581,2
1.2234,-12.1552,-3.4034,2
1.1652,-12.4422,-3.0158,2
0.9234,-13.2408,-2.5799,2
1.9555,-14.4732,-2.1388,2
2.2242,-14.9551,-2.4232,2
2.0771,-15.936,-3.1102,2
2.7758,-17.5823,-2.3897,2
2.4629,-17.6613,-2.5555,2
1.8733,-17.6858,-3.5897,2
1.7204,-18.138,-3.9597,2
2.1814,-18.7134,-3.6384,2
2.055,-19.3224,-2.5775,2
1.2158,-18.3743,-3.6962,2
0.9861,-17.1763,-6.6077,2
1.4329,-16.7518,-7.0274,2
1.6842,-16.3413,-6.7446,2
1.4515,-16.1121,-4.7889,2
0.896,-15.4264,-4.6443,2
0.5779,-14.1951,-5.0524,2
1.5281,-13.5983,-5.0646,2
1.8114,-13.2764,-4.9325,2
0.4131,-12.3176,-5.1808,2
-0.1603,-12.1455,-3.9415,2
-0.0587,-11.9996,-3.2283,2
1.1619,-11.5125,-3.3535,2
2.3882,-11.034,-3.2895,2
1.9875,-10.7105,-3.6334,2
-0.3029,-9.7279,-3.7583,2
-0.5421,-9.5621,-2.6752,2
-0.1025,-9.4177,-2.2286,2
0.7409,-8.7336,-2.6354,2
0.7352,-8.0275,-3.1237,2
-0.5875,-7.5917,-3.3136,2
-0.5629,-7.7476,-2.3243,2
-1.6182,-7.8278,-1.9423,2
-0.8785,-7.5126,-1.3033,2
-0.6333,-6.0651,-2.5151,2
0.5956,-5.8098,-1.7919,2
1.0198,-5.5676,-1.4572,2
-0.2113,-5.1076,-2.2013,2
-0.901,-4.8928,-2.8039,2
-0.6647,-5.1107,-2.6293,2
-0.5005,-5.5007,-1.5508,2
-0.0805,-5.8537,-1.0069,2
0.0432,-5.952,-0.9523,2
-1.082,-5.0986,-1.1435,2
-0.4969,-4.2385,-1.9619,2
0.209,-4.3138,-1.9424,2
0.7126,-5.3985,-1.3346,2
-0.3808,-6.9538,-0.7745,2
-1.2234,-7.2221,-0.5332,2
-1.3352,-6.7663,-0.3959,2
-0.4896,-6.9381,-0.6436,2
-0.3231,-7.4029,-0.7771,2
0.0675,-8.1708,-1.2706,2
0.0905,-8.1096,-1.4097,2
-0.2125,-8.1036,-1.3954,2
-0.4295,-8.1838,-1.9279,2
-0.5359,-8.9367,-2.0927,2
-0.2713,-9.4761,-1.9291,2
-0.0214,-9.8041,-1.5492,2
-0.2047,-9.4315,-1.5977,2
-0.3531,-9.2115,-1.932,2
-0.2593,-9.1438,-2.395,2
-0.1478,-9.4686,-2.5094,2
-0.1624,-9.6567,-2.4271,2
-0.2189,-9.6542,-2.128,2
-0.521,-9.187,-2.5105,2
-0.9765,-9.1861,-1.1034,2
-0.7866,-8.9655,-3.1966,2
0.0524,-9.5208,-4.0417,2
0.0681,-9.8186,-3.5292,2
0.0735,-9.7537,-3.5704,2
4.0992,-7.6819,-5.8924,0
3.8222,-7.6626,-5.6047,0
3.7303,-6.8887,-5.6083,0
4.0143,-7.4448,-5.6717,0
4.3598,-7.6682,-5.8679,0
4.1592,-7.8011,-6.5003,0
3.8592,-7.3906,-6.1488,0
3.617,-7.6821,-6.2191,0
3.575,-6.7588,-6.2462,0
3.6512,-7.8641,-5.7468,0
3.7079,-7.8383,-5.9735,0
3.3562,-7.8084,-5.4718,0
3.4668,-7.8231,-5.8155,0
3.6197,-8.043,-5.7637,0
3.1491,-7.695,-5.5251,0
2.5446,-7.241,-4.3826,0
2.3221,-7.6058,-4.31,0
2.6609,-8.5434,-5.347,0
3.2712,-9.2404,-5.6626,0
2.6239,-8.8262,-7.4229,0
2.3683,-8.1364,-5.2868,0
2.7035,-9.4511,-5.3923,0
2.1314,-10.1481,-6.0609,0
1.4986,-8.7691,-5.3724,0
1.6623,-6.422,-3.6254,0
1.5217,-6.4051,-3.0996,0
-0.1655,-7.0336,-0.8995,0
-0.2723,-5.3461,-0.3612,0
0.5468,-5.9421,-3.7611,0
4.818,-9.5294,-6.735,0
0.5813,-8.1626,-7.5574,0
-0.2388,-6.8934,-7.585,0
1.6346,-5.9358,-10.2693,0
2.0406,-4.0788,-8.2802,0
2.7861,-4.3606,-8.8282,0
2.545,-3.9844,-7.6371,0
3.1678,-3.3749,-5.3926,0
4.3173,-4.294,-4.7384,0
5.4926,-6.1688,-3.4539,0
5.8058,-6.0388,-1.9755,0
5.2913,-6.1423,-1.1096,0
4.7332,-6.6538,-0.0878,0
4.9541,-6.6038,-0.1612,0
4.5683,-6.2469,0.1128,0
4.2318,-5.8897,2.2184,0
2.6433,-5.4277,3.5747,0
1.4855,-5.3671,4.669,0
1.314,-4.7598,5.696,0
1.5808,-5.2031,6.6125,0
1.3078,-4.8852,8.6856,0
0.6621,-4.3293,10.0308,0
0.6957,-4.1219,10.5659,0
1.4254,-3.5566,10.3025,0
1.1319,-3.1548,10.6193,0
0.1239,-3.0095,11.3168,0
0.6137,-2.3242,13.0319,0
1.3274,-1.4847,13.0819,0
0.7277,-1.6834,14.2361,0
0.3413,-0.6858,14.8388,0
-0.1579,-0.5879,15.7684,0
0.6346,-0.4498,16.2912,0
1.1892,-0.5698,15.9193,0
0.5671,-0.7765,15.4869,0
-0.1921,-1.3417,14.0279,0
-0.0192,-2.1884,12.7119,0
0.7379,-2.553,12.0542,0
1.6188,-2.8831,10.6952,0
1.8697,-3.0188,9.373,0
1.8515,-3.3724,9.0251,0
1.7202,-3.4869,9.3444,0
2.2125,-3.4183,9.4979,0
2.33,-3.3323,9.618,0
1.9311,-3.0272,9.6169,0
0.6277,-2.8157,9.6848,0
0.486,-2.8642,9.8243,0
1.1088,-2.9821,10.2741,0
1.2561,-2.721,10.3305,0
0.9032,-2.4672,10.3338,0
0.2132,-2.3923,9.9672,0
0.1969,-2.5317,9.7728,0
0.3198,-2.8389,9.6191,0
0.4628,-2.6577,9.4655,0
0.2345,-2.948,8.6649,0
0.0916,-2.9546,8.2164,0
-0.0401,-3.2254,7.3122,0
0.3947,-3.4958,6.9074,0
0.81,-3.5732,6.6837,0
1.6911,-4.1637,6.0442,0
2.3239,-4.965,5.624,0
2.5121,-5.5544,5.123,0
2.5729,-6.1702,4.5759,0
2.5256,-6.5052,4.3118,0
2.79,-6.847,4.3148,0
2.5308,-7.4778,4.684,0
2.2233,-7.7861,5.3111,0
2.1208,-7.8489,5.6473,0
1.2267,-7.664,6.0243,0
1.0404,-7.6148,6.6626,0
0.8595,-7.5601,7.0651,0
0.7477,-7.4172,7.6086,0
0.2219,-7.1522,7.2303,0
-0.1604,-7.2791,7.0268,0
-0.5363,-7.8087,6.872,0
-1.1573,-8.2322,6.4573,0
-1.3412,-8.2604,6.032,0
-1.3882,-8.3547,4.7288,0
-1.0769,-8.4108,3.6257,0
-1.1398,-8.3969,3.1502,0
-1.1402,-8.8137,2.9637,0
-1.0974,-8.957,3.5108,0
-0.9307,-8.9022,3.825,0
0.0482,-8.8588,3.6821,0
0.5951,-8.6012,3.5091,0
0.7816,-9.2273,3.4322,0
0.7207,-9.5243,3.4699,0
0.646,-10.0848,3.516,0
0.6789,-9.8479,3.0053,0
0.9725,-9.8518,2.594,0
0.9138,-9.7407,2.0464,0
0.5209,-9.6898,1.9148,0
0.4111,-9.7933,1.7379,0
0.641,-9.855,1.3846,0
0.8172,-9.4783,1.2284,0
0.8229,-9.6745,1.1889,0
0.63,-10.0348,1.1495,0
0.7195,-10.5753,1.0413,0
0.9729,-10.753,0.8879,0
0.8006,-10.6849,0.8145,0
0.7072,-10.7791,0.8636,0
0.7896,-10.8929,0.9503,0
1.0132,-11.1784,0.9904,0
1.0285,-11.4193,0.8903,0
1.0683,-11.513,0.9221,0
0.7753,-11.4175,0.8348,0
0.113,-11.6001,0.4458,0
0.2894,-11.6981,0.5186,0
0.6871,-11.3787,0.8233,0
0.2221,-10.8546,0.8965,0
0.2396,-10.685,1.0985,0
0.7769,-10.7042,1.6566,0
0.5366,-10.2207,1.8251,0
0.2734,-9.9912,1.916,0
-0.0317,-9.8478,1.9718,0
-0.0524,-9.6702,2.3695,0
-0.1451,-9.4038,2.7412,0
-0.2888,-8.5911,3.7686,0
0.0462,-8.0882,4.4531,0
0.0772,-8.229,4.4902,0
-0.1836,-7.6218,4.7972,0
-0.0923,-7.201,4.9201,0
-0.0245,-6.8525,5.1139,0
-0.0307,-6.797,5.2707,0
-0.2556,-6.8277,5.5038,0
-0.2435,-6.9541,5.7187,0
-0.1199,-6.8699,5.8962,0
-0.2138,-6.5115,5.8638,0
-0.308,-6.4612,5.7874,0
-0.2144,-6.5089,5.8438,0
-0.303,-6.7294,6.1564,0
-0.3487,-6.8111,6.3499,0
-0.6759,-6.6976,6.7216,0
-1.0924,-6.6271,6.8886,0
-1.18,-6.6113,7.1304,0
-1.0331,-6.416,7.5724,0
-0.9192,-5.9677,7.6697,0
-0.829,-5.797,7.5999,0
-1.0645,-5.6566,7.3907,0
-1.3656,-5.4872,7.3556,0
-1.2977,-5.4981,7.4352,0
-1.2674,-5.2533,7.7428,0
-0.9107,-5.0265,7.8323,0
-0.8884,-4.9813,7.8762,0
-1.2029,-4.7432,7.9513,0
-1.1742,-4.3094,8.2036,0
-0.753,-3.8195,8.4367,0
-0.7051,-3.5012,8.468,0
-0.7851,-2.931,8.6881,0
-0.9806,-2.5848,9.0178,0
-1.0757,-2.5088,9.2928,0
-0.9288,-2.4045,9.7074,0
-0.9704,-2.1953,9.6914,0
-1.0997,-2.1067,9.5596,0
-1.1444,-1.9628,9.2935,0
-0.9512,-1.9796,9.423,0
-0.9068,-1.8935,9.6088,0
-0.6557,-1.9128,9.9008,0
-0.8809,-1.8353,10.2321,0
-1.0766,-1.791,10.3221,0
-1.3909,-1.7597,10.5257,0
-1.4181,-1.7183,10.7052,0
-1.1498,-1.6194,11.0084,0
-1.3229,-1.4159,11.1293,0
-1.8991,-0.9616,11.0346,0
-1.9071,-0.8694,11.0666,0
-1.6682,-0.5014,11.6351,0
-1.4877,0.1402,11.9399,0
-1.5425,0.4565,11.7648,0
-1.7538,0.9885,11.4754,0
-1.3666,1.0859,11.2334,0
-1.3666,1.0491,11.3596,0
-1.5422,0.9459,11.4167,0
-1.6302,0.9108,11.4003,0
-1.3755,0.7896,11.166,0
-1.2433,0.5896,10.8671,0
-1.1154,0.1423,10.3627,0
-1.1037,-0.0379,10.1578,0
-1.2406,-0.208,9.896,0
-1.246,-0.5151,9.7573,0
-1.342,-0.7299,9.7151,0
-1.7166,-0.9794,9.5297,0
-1.8378,-1.1437,9.4664,0
-1.731,-1.2583,9.5279,0
-1.3087,-1.3774,9.5503,0
-0.8314,-1.5291,9.3395,0
-0.8716,-1.5974,9.1583,0
-1.1539,-1.8923,8.8184,0
-1.0515,-2.3909,8.4665,0
-0.7483,-2.537,8.3794,0
-0.0738,-2.9259,7.97,0
-0.0352,-3.1568,7.5087,0
-0.2494,-3.5454,7.378,0
-0.4244,-4.4984,7.2947,0
-0.7872,-5.3296,6.9201,0
-0.8643,-5.4745,6.6626,0
-0.83,-6.046,6.0747,0
-0.5822,-6.2402,6.2734,0
-0.669,-6.4775,6.2685,0
-1.1099,-6.3978,6.9991,0
-0.8321,-6.6408,7.9167,0
-0.7491,-6.451,7.9974,0
-0.7292,-5.9231,7.7373,0
-0.5795,-5.9596,7.4579,0
-0.5534,-6.0901,7.4696,0
-0.3994,-6.6616,7.3828,0
-0.6448,-6.6951,6.924,0
-0.7814,-6.6595,6.602,0
-0.767,-6.9008,5.9755,0
-0.6967,-6.9267,5.6693,0
-0.5577,-6.9315,5.7482,0
-0.3089,-7.0608,6.0681,0
-0.2767,-7.1262,6.1055,0
-0.2839,-6.9314,5.6165,0
-0.18,-7.1774,5.009,0
-0.1797,-7.3691,4.6536,0
-0.2061,-7.5181,4.0284,0
-0.2258,-8.2245,3.3038,0
-0.1731,-8.4303,3.147,0
0.1386,-8.9818,2.9663,0
0.2162,-9.2557,2.9401,0
0.2234,-9.5725,2.851,0
0.2412,-10.1333,2.7303,0
-0.0207,-10.9813,2.7638,0
-0.2192,-11.5896,3.0384,0
-0.3476,-12.2157,3.6751,0
-0.0922,-11.9514,3.9545,0
0.0142,-11.7563,4.0182,0
0.2916,-11.6518,3.9429,0
0.086,-11.6455,3.8285,0
0.0195,-11.8965,3.5959,0
-0.0112,-12.1599,3.0722,0
-0.0759,-12.0003,2.5783,0
-0.0121,-11.9504,2.4017,0
0.0567,-11.3826,2.1633,0
-0.059,-11.1006,2.2085,0
0.078,-11.0082,2.3179,0
0.1404,-10.9264,2.5211,0
-0.1306,-10.9318,2.5697,0
-0.4754,-10.9261,2.8255,0
-0.3798,-10.896,3.2696,0
-0.2988,-10.6876,3.4104,0
-0.0804,-10.3211,3.576,0
0.0409,-9.8228,3.7689,0
-0.2071,-9.8542,3.7221,0
-0.5378,-9.3318,4.0333,0
-0.1157,-8.4571,4.7048,0
0.1396,-7.8247,5.1164,0
0.3493,-6.4838,5.8504,0
0.3072,-5.1577,6.341,0
0.0988,-4.4418,6.4495,0
0.0172,-3.6533,6.623,0
0.3087,-3.2392,6.6985,0
0.1466,-3.1379,6.7674,0
-0.0995,-2.7743,7.0443,0
-0.2635,-2.6254,7.4802,0
-0.119,-2.7384,7.8626,0
0.3391,-3.2471,8.6809,0
0.2801,-3.4071,9.0628,0
0.145,-3.3178,8.9398,0
0.2813,-3.5464,8.7013,0
0.3668,-4.2021,8.4511,0
0.0994,-4.5259,8.2751,0
-0.5248,-5.1534,8.0517,0
-1.2454,-5.5935,8.1324,0
-1.4973,-5.5801,8.2817,0
-1.5191,-5.198,8.4454,0
-1.3589,-4.5005,9.0148,0
-1.0894,-4.1185,9.2633,0
-0.543,-3.4002,9.7499,0
-0.3051,-2.5437,9.9558,0
-0.299,-2.1549,9.827,0
-0.4301,-1.1756,9.6613,0
-0.3211,-0.6105,9.5972,0
-0.2077,-0.42,9.6205,0
-0.5356,-0.1243,9.2373,0
-0.7485,0.3983,8.4975,0
-0.5643,0.7617,8.217,0
-0.4322,0.9122,8.2669,0
-0.0587,1.3256,8.4734,0
0.2813,1.677,8.6809,0
0.2194,1.8552,8.7438,0
0.0447,2.2235,9.0567,0
0.2007,2.3719,9.1331,0
0.2221,2.5989,9.298,0
0.2918,2.8126,9.3274,0
-0.1637,3.0866,9.3694,0
-0.3338,3.2736,9.514,0
-0.3305,3.3137,9.5792,0
-0.4577,3.5479,9.6814,0
-0.4015,3.5436,9.7077,0
-0.3048,3.6923,9.9268,0
-0.277,3.4886,10.1999,0
-0.3805,3.4444,10.1628,0
-0.6277,3.7593,9.856,0
-0.4773,4.1147,9.9766,0
-0.2152,4.2659,10.1188,0
-0.0415,4.2376,10.2668,0
-0.5014,4.4332,10.3533,0
-0.5136,4.4107,10.312,0
-0.1149,4.0788,10.3238,0
0.0168,4.2127,10.2993,0
-0.2369,4.2796,10.1159,0
-0.5999,4.6428,9.6521,0
-0.4974,4.9549,9.6708,0
-0.1492,5.0215,9.8524,0
-0.0898,5.2384,9.9985,0
-0.7,5.302,9.8586,0
-0.6562,5.4625,9.776,0
-0.4136,5.1897,9.6512,0
-0.2961,4.8224,9.8556,0
-0.445,4.6814,10.0627,0
-1.1033,4.1848,9.8735,0
-1.1465,3.6443,10.0187,0
-1.0356,3.3191,10.0287,0
-1.0463,3.0215,9.8412,0
-1.0693,2.8331,9.7622,0
-0.9358,2.8599,9.846,0
-0.6271,3.0867,9.7155,0
-0.3696,3.3833,9.7342,0
-0.394,3.4833,9.6748,0
-0.1484,3.6978,9.3842,0
-0.0429,3.811,9.2259,0
-0.3062,3.66,9.2614,0
-0.6964,3.0088,9.369,0
-1.0885,2.3032,9.2986,0
-0.9827,1.911,9.0073,0
-0.9061,1.5187,8.7634,0
-0.6,1.2113,8.6066,0
-0.4787,1.0711,8.7738,0
-0.2346,0.5451,8.9441,0
-0.1785,0.1691,8.9299,0
-0.2279,0.0265,8.8286,0
-0.2922,-0.4389,8.6079,0
-0.3633,-0.8109,8.4913,0
-0.1954,-1.0769,8.4303,0
-0.2479,-1.3571,8.4443,0
-0.2987,-1.6975,8.5329,0
-0.1552,-1.8402,8.4997,0
-0.4441,-2.0812,8.1413,0
-0.4841,-2.3279,8.0334,0
-0.2987,-2.5666,8.0598,0
-0.2484,-2.8715,7.9631,0
-0.3775,-2.9582,8.1844,0
-0.1312,-3.1722,8.4725,0
-0.0395,-3.0617,8.4653,0
0.0757,-3.0263,8.4114,0
0.097,-3.2946,8.3805,0
0.042,-3.448,8.2387,0
-0.0079,-3.9307,8.0773,0
-0.1323,-4.5981,7.7662,0
-0.2313,-4.8677,7.56,0
-0.3876,-5.5056,7.0641,0
-0.536,-5.8585,6.8284,0
-0.6032,-6.3051,6.5829,0
-0.6319,-6.8784,6.4938,0
-0.4137,-7.0413,6.6116,0
-0.3308,-7.233,6.7105,0
-0.1287,-7.7636,6.4723,0
-0.1018,-8.3311,5.7109,0
-0.1308,-8.6236,5.4401,0
-0.0706,-9.1872,5.3852,0
-0.4491,-9.411,5.8287,0
-0.5303,-9.4276,6.2343,0
-0.5125,-9.3075,6.7196,0
-0.5559,-9.1324,6.927,0
-0.5378,-9.2569,6.9683,0
-0.8155,-9.6708,6.6171,0
-0.9249,-10.3522,6.0711,0
-0.9011,-10.8366,5.7911,0
-0.6855,-11.2495,5.559,0
-0.6294,-11.3122,5.328,0
-0.4224,-11.0459,5.0782,0
0.1498,-10.6523,4.5545,0
0.4063,-10.4266,4.3823,0
0.3904,-10.479,4.3943,0
0.1513,-10.5327,4.4219,0
-0.3973,-10.8827,4.5614,0
-0.5695,-11.0064,4.8137,0
-0.4576,-10.9821,5.1462,0
-0.3602,-10.3846,5.2634,0
-0.3757,-10.2186,5.2212,0
-0.4745,-9.7525,5.608,0
-0.5716,-9.4987,6.1359,0
-0.6626,-9.1845,6.3216,0
-0.4214,-8.6763,6.3603,0
-0.1025,-7.8606,6.3443,0
-0.0055,-7.4133,6.3442,0
0.0208,-6.6285,6.2441,0
-0.3303,-5.8754,6.4593,0
-0.4447,-5.4609,6.7651,0
-0.6021,-4.5204,7.3067,0
-0.6538,-3.3845,7.4343,0
-0.6656,-2.8267,7.4437,0
-0.4257,-2.0253,7.498,0
-0.1357,-1.5309,7.3743,0
-0.0651,-1.4002,7.2323,0
-0.1131,-1.0301,7.2495,0
-0.2137,-0.5031,7.4169,0
-0.1962,-0.2906,7.5437,0
-0.2104,-0.2032,8.0469,0
-0.3937,-0.4126,8.4608,0
-0.4414,-0.3611,8.6815,0
-0.5227,-0.2408,9.268,0
-0.406,-0.2524,9.8462,0
-0.3428,-0.4175,9.9457,0
-0.3681,-1.0027,9.915,0
-0.9448,-1.5344,10.1142,0
-1.1468,-1.7223,10.2683,0
-1.0549,-1.7675,10.4315,0
-0.9584,-2.1195,10.2334,0
-1.226,-1.659,10.1733,0
-1.3108,-1.5488,10.1456,0
-0.9355,-0.8538,10.0319,0
-0.4224,-0.1713,10.0764,0
-0.138,0.1303,9.9211,0
-0.22,0.9297,9.395,0
0.0461,1.3725,9.2644,0
0.1912,1.7696,9.3679,0
0.6204,2.0684,9.3579,0
0.6693,2.2302,8.9444,0
0.4296,2.2293,8.8241,0
0.0148,2.0654,9.1616,0
-0.1061,2.1934,9.3049,0
-0.0572,2.238,9.1816,0
0.1278,2.428,9.0285,0
0.1763,2.4093,8.9346,0
0.1224,2.5,8.8892,0
0.2803,2.8578,8.8795,0
0.6551,2.8706,9.1517,0
0.6554,2.9573,9.2099,0
0.2351,2.7104,9.1301,0
0.2301,2.6118,9.3748,0
0.105,2.8287,9.6422,0
0.0144,3.5852,10.1125,0
-0.0901,4.416,10.6659,0
0.1869,4.5921,10.826,0
0.6765,4.6658,10.6217,0
0.6192,4.621,10.0072,0
0.4474,4.6901,9.9258,0
0.6102,5.0426,10.3477,0
0.7509,5.1559,10.2912,0
0.7129,5.0256,10.2071,0
0.3813,4.6325,10.0688,0
-0.0242,5.1481,9.5717,0
0.0612,5.1118,9.2002,0
0.4555,5.0051,8.9163,0
0.6521,4.9029,8.8572,0
0.5884,5.0791,8.9871,0
0.3011,5.4938,9.3004,0
0.6098,5.2999,9.4221,0
0.655,5.047,9.6097,0
0.3602,4.7287,9.7823,0
-0.0612,4.5701,9.3595,0
0.2248,4.2904,9.1384,0
0.2786,4.0929,9.4037,0
0.1906,3.8861,10.0552,0
-0.1166,4.0203,9.7897,0
-0.0624,4.1731,9.7743,0
0.265,4.272,9.6823,0
0.3925,4.4137,9.6462,0
0.1573,4.5437,9.4972,0
0.1944,4.4836,9.3682,0
0.4787,3.9944,9.2129,0
0.2417,3.6239,8.7776,0
0.193,3.355,8.5775,0
0.2339,2.6083,8.0315,0
0.1725,2.0159,8.122,0
0.1784,1.7719,8.1386,0
0.0781,1.4332,8.1042,0
-0.0127,1.0599,8.3359,0
-0.007,0.9553,8.2675,0
-0.0012,0.5683,8.2669,0
-0.2574,0.3276,8.6293,0
-0.2945,0.3241,8.674,0
-0.1356,-0.0537,9.1967,0
0.0503,-0.0901,9.4626,0
0.0979,0.0503,9.6473,0
0.1478,0.2192,9.6154,0
0.1139,0.1716,9.7106,0
-0.0283,-0.1134,10.0516,0
-0.3874,-0.3136,10.1526,0
-0.4893,-0.3472,10.1469,0
-0.3103,-0.1312,9.6594,0
-0.0296,0.057,9.2606,0
0.0411,0.0602,9.1447,0
-0.0983,-0.1055,9.1761,0
-0.0733,-0.4257,9.2819,0
-0.1689,-0.6828,9.2697,0
-0.2064,-1.1615,9.1244,0
-0.2786,-1.5595,8.8998,0
-0.3029,-1.8666,8.6576,0
-0.0902,-2.4853,8.4406,0
-0.3705,-3.1901,8.5081,0
-0.517,-3.3745,8.626,0
-0.2827,-3.8621,8.84,0
-0.2301,-4.0372,8.7022,0
-0.2485,-4.2121,8.5461,0
-0.4558,-4.6157,8.5665,0
-0.5447,-5.2463,9.1595,0
-0.6669,-5.4966,9.4692,0
-0.8586,-5.7401,9.9237,0
-0.6675,-5.6566,10.1578,0
-0.5269,-5.5721,10.1456,0
-0.4374,-5.3932,9.9365,0
-0.9556,-5.822,9.9928,0
-1.1377,-6.0814,10.3132,0
-1.2562,-6.5561,10.7495,0
-1.3529,-6.5673,10.4251,0
-1.2891,-6.5701,10.1858,0
-0.9288,-6.3844,9.6046,0
-1.0077,-6.2237,9.2808,0
-1.0407,-6.1766,9.4302,0
-1.0865,-6.4422,9.7513,0
-1.0572,-6.2544,9.5376,0
-0.9716,-6.135,9.3019,0
-0.7938,-5.7016,8.9533,0
-0.709,-5.095,8.7682,0
-0.6972,-4.8067,8.7538,0
-0.6915,-4.0455,8.7089,0
-0.6418,-3.6064,8.8979,0
-0.6324,-3.3613,8.8714,0
-0.6792,-2.6685,8.5627,0
-0.7061,-2.0144,8.3303,0
-0.7165,-1.5739,8.288,0
-0.6526,-0.671,8.1735,0
-0.6192,0.056,8.1864,0
-0.7453,0.457,8.1864,0
-0.8279,1.0213,8.1246,0
-0.8634,1.4608,8.071,0
-0.8293,1.6409,7.9868,0
-1.0235,2.0487,7.8468,0
-0.8869,2.2603,7.9612,0
-0.7365,2.3397,8.1608,0
-0.647,2.605,8.4033,0
-0.6271,2.8047,8.6308,0
-0.6325,2.8362,8.8147,0
-0.6367,2.8451,8.8861,0
-0.5909,2.9923,8.9331,0
-0.3686,2.8576,9.0636,0
-0.4839,2.7487,9.2416,0
-0.3932,2.4157,9.1713,0
-0.5173,2.4165,9.0055,0
-0.4892,2.3013,8.9777,0
-0.8121,2.1639,9.1863,0
-1.0262,2.0815,9.3304,0
-1.166,2.0331,9.4739,0
-0.5767,1.9019,9.6515,0
-0.7031,2.1222,9.7405,0
-0.9554,2.3146,9.6916,0
-0.9836,2.3881,10.0564,0
-0.2548,2.2992,9.9672,0
-0.0175,2.3308,9.7998,0
0.0406,2.3649,9.3942,0
-0.2634,2.5847,8.7881,0
-0.4268,2.7485,8.4967,0
-0.3475,3.4646,9.0629,0
0.1661,3.9401,9.2612,0
0.1492,4.1284,9.0848,0
-0.4709,4.5268,9.1023,0
-0.1478,5.0609,8.6541,0
-0.0015,5.06,8.802,0
-0.056,4.9344,9.6757,0
0.0989,4.1997,9.774,0
-0.0447,3.9786,9.5346,0
-1.0229,3.7626,9.0866,0
-0.848,3.9223,9.4299,0
-0.4308,4.2861,9.6642,0
0.1613,4.4779,9.8366,0
-0.2418,4.6923,10.0711,0
-0.6194,4.6714,9.9774,0
-0.7736,4.7076,9.5267,0
0.2092,5.0483,9.6437,0
0.9462,5.0886,9.5425,0
0.8429,5.7054,9.5235,0
-0.2595,6.3297,9.2302,0
-0.3437,6.4486,9.145,0
-0.0973,6.7918,9.3745,0
0.2909,6.4337,9.3754,0
0.3608,6.3204,9.0389,0
0.1326,6.5525,8.633,0
0.1157,6.2347,8.5397,0
-0.1043,6.1371,8.8796,0
0.2515,6.1039,9.3028,0
0.3548,6.0311,9.2039,0
-0.0836,5.7609,8.9883,0
-1.0699,5.5915,9.5211,0
-0.3199,5.5872,9.8759,0
-0.1838,5.652,9.7362,0
-0.1643,5.2753,9.4418,0
-0.4797,5.0851,9.4664,0
-0.4419,5.0928,9.2684,0
-0.2252,5.4164,8.9434,0
0.0227,5.4447,8.7685,0
0.0458,5.3072,8.9043,0
-0.5912,5.0046,8.9735,0
-0.7784,4.4917,8.9165,0
-0.615,4.4605,8.7574,0
-0.419,4.5071,8.2637,0
-0.2548,4.5684,8.027,0
-0.4058,4.5602,8.6332,0
-0.561,4.5162,9.0074,0
-0.6458,4.1851,9.2817,0
-0.5905,3.471,8.8,0
-0.469,3.0448,8.4653,0
-0.1924,2.5338,8.0314,0
-0.032,2.1436,8.2625,0
-0.1353,2.0246,8.5106,0
-0.9607,1.9999,8.7418,0
-1.0359,1.639,8.6262,0
-0.715,1.4893,8.4819,0
-0.338,1.2879,8.2754,0
-0.0061,0.9622,8.0668,0
0.0322,0.7193,8.1659,0
-0.2753,0.4299,8.5204,0
-0.3026,-0.0093,8.7394,0
-0.1995,-0.2126,8.689,0
-0.0443,-0.5776,8.5853,0
-0.1945,-0.8965,8.5,0
-0.2903,-1.1362,8.357,0
-0.5757,-1.6617,8.2769,0
-0.899,-1.7623,8.1476,0
-0.7934,-1.775,8.042,0
-0.2414,-1.9486,8.0652,0
-0.1279,-2.0743,8.2245,0
-0.1796,-2.2209,8.1952,0
-0.2845,-2.611,7.8069,0
-0.3062,-2.8642,7.3448,0
-0.2521,-2.9452,7.2039,0
-0.5755,-3.3152,7.3062,0
-0.4838,-4.0417,7.4807,0
-0.4902,-4.4671,7.541,0
-0.5305,-5.2969,7.122,0
-0.151,-5.7232,6.6257,0
-0.0066,-5.7741,6.492,0
0.0832,-6.7036,6.0385,0
-0.4934,-8.2184,6.0226,0
-0.6455,-8.8354,6.1603,0
-0.6472,-9.5479,6.6378,0
-0.5143,-9.6548,7.2685,0
-0.4021,-9.578,7.5157,0
-0.3051,-9.6717,7.5242,0
-0.5589,-10.3341,7.3002,0
-0.7953,-10.5737,7.2058,0
-0.9264,-10.9753,7.5447,0
-0.9028,-11.0663,7.9932,0
-0.9301,-11.1057,8.0074,0
-0.9701,-11.0458,7.4255,0
-1.0579,-10.9961,6.829,0
-1.049,-10.9834,6.7156,0
-0.9477,-10.886,6.9441,0
-0.6119,-10.7153,6.6881,0
-0.5659,-10.4139,6.6231,0
-0.5709,-10.1107,6.3214,0
-0.3317,-9.8839,6.0958,0
-0.2056,-9.7363,5.9566,0
-0.5151,-9.5871,5.9717,0
-0.8957,-9.6221,6.0422,0
-0.5767,-9.6839,6.0864,0
-0.5333,-9.4089,6.1681,0
-0.6916,-8.83,6.0003,0
-0.4724,-8.333,5.7757,0
-0.3353,-7.9329,5.7133,0
-0.4024,-7.0105,5.7362,0
-0.3609,-6.2086,5.7353,0
-0.2987,-5.6698,5.6832,0
-0.3371,-4.5369,5.9904,0
-0.6152,-3.3962,6.2367,0
-0.8561,-2.8186,6.3192,0
-1.0407,-1.81,6.7222,0
-1.1344,-0.9955,7.2235,0
-1.3138,-0.5809,7.4683,0
-1.4067,0.0403,8.0816,0
-0.9878,0.53,8.3999,0
-0.762,0.7153,8.427,0
-0.4645,0.8273,8.5368,0
-0.3919,0.4182,8.752,0
-0.5303,0.205,8.8964,0
-0.8543,-0.2825,9.2398,0
-0.7326,-0.8541,9.4528,0
-0.778,-0.9469,9.5316,0
-0.9893,-1.3414,9.5635,0
-1.3523,-1.703,10.0794,0
-1.5483,-1.8552,10.4161,0
-1.7593,-1.9046,11.067,0
-1.8304,-1.5682,10.9452,0
-1.8251,-1.2962,10.9189,0
-1.8907,-0.7085,10.4318,0
-1.6288,-0.3373,10.2409,0
-1.4539,-0.2577,10.3084,0
-0.8604,-0.0114,10.1581,0
-0.8158,0.3156,10.0311,0
-0.7938,0.666,9.3119,0
-0.7287,0.8743,8.9688,0
-0.1805,1.0499,8.7138,0
0.1853,1.2564,8.5243,0
0.1847,1.2861,8.4756,0
-0.4857,1.5884,8.2685,0
-0.6741,2.2396,8.1741,0
-0.4588,2.5492,8.3568,0
0.0558,3.1265,8.4895,0
-0.0353,4.1475,8.5229,0
0.0021,4.5756,8.2772,0
0.0729,5.5586,8.2604,0
0.6202,6.481,8.9636,0
0.747,6.7136,9.247,0
0.2692,5.7145,9.2546,0
-0.8245,5.1432,9.0936,0
-0.8384,4.7874,9.0233,0
-0.3965,4.1623,8.8665,0
-0.0833,3.8146,8.6416,0
-0.1371,3.6877,8.6226,0
-0.4845,3.5509,9.0445,0
-0.3358,3.85,9.6316,0
-0.2626,3.9587,10.0461,0
-0.3175,3.9624,10.6867,0
-0.4823,4.0389,10.859,0
-1.0365,4.1179,11.5267,0
-0.5466,4.055,11.3165,0
-0.4411,3.8321,11.1462,0
-0.6303,3.5307,11.1866,0
-0.7525,3.5763,10.7217,0
-0.8006,3.5949,10.1659,0
-0.6859,3.8216,9.7246,0
-0.2274,3.7459,9.6227,0
-0.3521,4.5627,10.0429,0
-0.5297,4.8501,10.2144,0
-0.1196,5.1722,9.9554,0
0.2925,5.3766,9.6406,0
0.3868,5.4157,9.4236,0
0.0639,5.242,9.2968,0
-0.041,4.7181,9.1391,0
-0.056,4.7049,8.9908,0
-0.0608,4.5044,8.8264,0
-0.0997,4.386,9.0935,0
-0.3653,4.5203,9.2178,0
-0.4998,4.1641,9.0757,0
-0.6171,3.6172,8.9703,0
-0.6768,3.5623,8.9094,0
-0.5994,3.5127,8.831,0
-0.5212,3.475,9.0821,0
-0.6439,3.4649,9.1602,0
-0.7543,3.0041,9.2545,0
-0.5145,2.5111,9.467,0
-0.3681,2.3704,9.656,0
-0.1613,2.4274,9.5687,0
0.0618,2.5655,9.5826,0
0.0977,2.4066,9.5693,0
-0.0667,1.9562,9.7362,0
0.0622,1.2995,9.6163,0
0.0666,1.0217,9.4454,0
-0.1649,0.4944,9.1803,0
-0.1511,-0.0504,8.7158,0
0.25,-0.4664,8.5099,0
0.6756,-1.1194,8.1951,0
0.5665,-2.0803,7.9378,0
0.4148,-2.6438,7.6837,0
0.0643,-3.4857,7.308,0
0.3557,-4.4323,7.2413,0
0.3509,-4.6814,7.268,0
0.3505,-5.6656,7.1825,0
0.4745,-6.4446,6.9501,0
0.4019,-6.7033,6.825,0
0.081,-6.9719,6.0317,0
0.2055,-7.926,5.3868,0
0.312,-8.3445,5.3424,0
0.2134,-8.5846,4.908,0
0.5471,-8.8442,4.7157,0
0.5764,-8.8889,4.5431,0
0.5522,-8.8545,4.4179,0
0.6433,-9.0689,3.9236,0
0.5162,-9.3256,3.7646,0
0.33,-9.4412,3.3917,0
0.5525,-9.1915,2.7224,0
0.7886,-9.1348,1.7174,0
1.3789,-9.1354,-0.8157,0
1.1423,-9.0772,-3.0153,0
1.069,-9.0549,-3.4679,0
0.6822,-7.1724,-3.8132,0
2.9874,-6.3482,-4.9231,0
1.4163,-5.6605,-7.8464,0
1.8769,-3.6333,-10.3835,0
0.3302,-2.093,-10.9167,0
2.2318,-2.1193,-9.4219,0
1.4238,-1.5794,-8.2645,0
-0.4362,-2.1587,-12.7237,0
-0.2623,-1.8953,-12.3054,0
2.4719,-0.4984,-8.1448,0
3.434,0.2466,-13.9857,0
1.2031,-0.1664,-12.356,0
1.0563,-0.9907,-9.2168,0
2.0479,-0.296,-11.5043,0
2.0093,-0.7087,-10.9622,0
2.2191,-1.1408,-10.6246,0
3.1253,-1.3922,-8.733,0
2.1858,-0.3108,-8.9245,0
0.7063,-0.0284,-10.1391,0
-1.8115,-0.2951,-10.5798,0
-2.6983,-1.7578,-11.6815,0
-2.1546,-2.5847,-12.2616,0
-0.2433,-4.2292,-11.5875,0
2.6837,-4.0021,-8.7281,0
3.8903,-4.2463,-9.7279,0
2.4057,-3.789,-9.5479,0
1.5428,-3.5018,-10.2346,0
1.6219,-3.3855,-10.0832,0
2.4621,-3.8458,-9.2988,0
2.6489,-4.085,-8.937,0
2.5175,-4.1053,-8.6712,0
2.3203,-4.0996,-8.3041,0
1.9477,-3.9446,-8.534,0
1.8015,-3.9404,-8.9302,0
2.4262,-3.9383,-8.2292,0
3.2564,-4.4267,-7.523,0
2.7245,-4.5725,-7.8733,0
2.1828,-4.2717,-7.939,0
2.6368,-4.4086,-7.6448,0
2.7669,-4.4359,-7.3966,0
3.6064,-4.6219,-6.9661,0
2.9027,-4.8981,-7.131,0
2.764,-4.6947,-6.932,0
2.5465,-3.5305,-7.0728,0
4.8539,-7.6303,-8.2416,0
4.0471,-6.4576,-7.0008,0
2.747,-4.8463,-7.755,0
-3.6787,5.6822,6.0344,1
-5.0615,6.1558,6.2842,1
-4.9406,5.8951,6.0346,1
-4.275,6.9972,6.8603,1
-4.1478,7.5277,7.6221,1
-4.0724,6.0747,6.4009,1
-3.6726,6.8146,7.1422,1
-2.8683,6.4964,7.2103,1
-0.855,6.2577,6.0741,1
-0.2462,7.99,6.7826,1
0.0284,7.8886,6.5989,1
-0.3331,8.7435,8.048,1
-0.0157,8.2558,6.7971,1
3.289,8.4318,5.6032,1
4.1839,7.307,4.531,1
3.6211,7.0443,4.5372,1
1.6942,6.7198,5.5568,1
2.2543,6.3173,5.6639,1
2.843,7.947,4.7086,1
2.0042,8.5735,2.3523,1
1.8488,4.6014,2.0622,1
1.0757,4.3567,-0.8939,1
-0.789,3.3236,0.0464,1
0.8261,2.6345,2.0445,1
0.7015,3.4839,2.0177,1
-0.8824,5.4791,-1.6082,1
-0.1006,4.8468,-2.518,1
0.53,4.5587,-3.9967,1
0.9999,4.6991,-4.079,1
2.0936,6.1242,-3.6875,1
2.8558,9.3351,-3.1482,1
2.8331,11.4518,-3.1193,1
2.873,14.6253,-2.9001,1
3.3969,17.6369,-4.2946,1
3.7388,19.2664,-5.5554,1
4.449,21.5264,-7.9528,1
3.6359,18.6212,-8.4677,1
2.646,15.7244,-7.8002,1
1.3026,12.1563,-5.8793,1
0.8633,11.1274,-3.8378,1
0.7835,10.7396,-3.1891,1
0.7299,9.4815,-2.4485,1
1.06,7.9329,-2.9149,1
1.4688,7.0717,-3.6838,1
2.042,6.7443,-3.7499,1
2.7291,6.5827,-4.8628,1
3.1675,6.5348,-5.316,1
3.9407,6.9641,-5.9279,1
4.0826,6.7686,-6.5921,1
3.8897,5.8402,-6.5622,1
3.5003,4.8281,-5.7711,1
3.5304,4.6023,-5.5828,1
3.5322,4.8285,-5.8483,1
3.1309,5.378,-7.1099,1
2.5724,5.3765,-7.8226,1
2.3926,5.1852,-7.8546,1
2.163,3.9421,-7.8362,1
2.0234,3.9856,-8.1412,1
2.1011,4.7558,-8.3511,1
2.6193,5.9873,-7.6478,1
3.4836,5.4221,-7.9402,1
3.935,4.7437,-8.374,1
4.8709,4.2126,-8.7317,1
5.7256,3.944,-8.8762,1
6.2757,3.6811,-8.8407,1
7.4512,3.0709,-9.8535,1
7.7277,3.7553,-10.6953,1
7.4666,4.1703,-10.4685,1
6.8696,3.4242,-9.6166,1
6.8869,1.6758,-9.1596,1
7.0069,1.1407,-9.594,1
6.9522,1.7723,-10.6448,1
6.0792,3.941,-11.3873,1
5.8,3.8683,-11.0875,1
7.1295,2.5346,-14.4656,1
5.3974,2.1048,-10.4021,1
4.6958,1.9902,-8.547,1
4.823,2.3875,-8.0417,1
5.1094,2.5832,-8.8493,1
5.2264,2.7183,-9.5376,1
5.2201,3.556,-9.8475,1
6.2094,4.4559,-10.6623,1
6.2848,4.3733,-10.8213,1
6.1619,2.8295,-9.1147,1
6.2321,1.1859,-8.7364,1
6.4905,1.8346,-11.4723,1
6.5431,2.5827,-12.245,1
6.2022,3.4542,-10.4356,1
5.2867,2.408,-9.2624,1
4.9125,2.3426,-9.3702,1
4.3929,2.7423,-9.9237,1
4.3558,3.1951,-9.8261,1
4.3428,3.2654,-10.0127,1
4.358,3.2444,-10.4727,1
4.3944,3.54,-9.8108,1
4.4022,3.7748,-9.4379,1
4.446,4.0803,-9.03,1
4.3724,4.0411,-8.6654,1
4.2702,3.8797,-8.7592,1
4.0987,3.4532,-8.9373,1
4.0812,3.2634,-8.4768,1
4.0508,3.1294,-8.116,1
3.7191,2.7057,-7.4009,1
3.2314,2.3285,-6.6286,1
2.955,2.185,-6.3925,1
2.5968,2.3173,-6.0802,1
2.5218,2.8395,-5.7616,1
2.5307,3.0535,-5.596,1
2.5103,3.1889,-5.2669,1
2.4458,3.1436,-5.1555,1
2.3632,3.0549,-5.0925,1
2.1428,2.639,-4.7006,1
1.9125,2.1742,-4.7505,1
1.8214,2.046,-4.9331,1
1.7811,2.11,-5.1098,1
1.7594,2.5419,-5.0708,1
1.6958,2.8808,-5.1718,1
1.5713,3.6607,-5.2942,1
1.547,3.6531,-5.6445,1
1.5945,3.7493,-5.3085,1
1.6668,2.9012,-6.2189,1
1.6951,2.9679,-6.5894,1
1.6756,3.2898,-6.5142,1
1.7096,3.5644,-6.544,1
2.2616,3.1705,-7.3352,1
2.5753,2.9672,-7.8664,1
2.6146,3.5286,-8.7845,1
2.6941,4.6738,-8.1029,1
2.9842,4.6115,-8.0396,1
3.5698,3.027,-8.2832,1
4.0015,2.4924,-9.443,1
4.051,2.9287,-10.1574,1
4.1182,4.3039,-9.7523,1
4.6989,3.8882,-9.3317,1
4.6398,3.0393,-9.5155,1
4.3579,2.5376,-10.0723,1
4.7049,3.1425,-9.9599,1
5.0359,3.1876,-9.7206,1
5.4764,2.9579,-10.0586,1
5.2231,2.0608,-10.8466,1
4.938,1.7786,-10.7548,1
4.3773,2.4764,-10.5903,1
4.4915,3.0495,-10.312,1
4.6114,2.6655,-10.073,1
6.8501,4.4028,-25.7932,1
3.8512,2.4889,-15.1221,1
3.0973,1.8765,-9.4507,1
2.6211,1.4361,-9.2114,1
2.1566,0.6384,-9.1153,1
2.1198,0.5161,-9.2035,1
1.8595,0.8375,-9.5594,1
1.8763,1.3937,-9.8197,1
1.8911,1.5505,-10.0193,1
1.9187,1.4799,-10.0034,1
2.1075,1.4522,-10.0362,1
2.4207,1.5754,-10.0739,1
2.4951,1.3262,-10.0773,1
2.2722,0.3112,-10.0968,1
2.6598,0.6168,-10.3002,1
2.7848,0.6083,-10.3854,1
2.8537,0.9432,-10.4618,1
2.818,1.3626,-10.0468,1
2.9965,1.4537,-9.7006,1
3.2974,1.5487,-9.7986,1
4.1198,1.5471,-12.3328,1
4.8863,1.4961,-14.5201,1
5.9925,1.9011,-15.8535,1
5.3406,0.7142,-12.0774,1
4.7302,0.1677,-10.9994,1
4.6612,1.5568,-9.4917,1
4.8167,2.0134,-9.5312,1
4.701,1.6177,-10.0528,1
4.276,1.2267,-10.6626,1
3.7384,1.7689,-10.1778,1
3.5377,2.2088,-9.7356,1
3.1493,2.7297,-9.2041,1
3.0251,2.6674,-8.6577,1
3.0324,2.641,-8.7475,1
3.1826,3.1936,-9.7176,1
3.5748,3.5964,-9.2895,1
3.686,3.5392,-8.7682,1
3.8264,3.1382,-8.3646,1
3.8357,2.6236,-8.3359,1
3.7742,2.5052,-8.2778,1
3.4506,2.2977,-7.8917,1
2.9473,2.1629,-7.5178,1
2.6564,2.0119,-7.1612,1
2.0936,1.7505,-6.6634,1
1.7346,1.5036,-6.1441,1
1.615,1.4998,-5.9224,1
1.5294,1.7038,-5.6217,1
1.6557,2.1488,-5.4164,1
1.7392,2.3201,-5.1833,1
1.8437,2.3529,-4.8556,1
1.8769,2.2785,-4.8101,1
1.8709,2.1813,-4.7794,1
1.9365,2.1838,-4.8529,1
2.2284,2.479,-5.0815,1
2.3623,2.6495,-5.3264,1
2.4362,2.6007,-5.7585,1
2.4065,2.5226,-6.1883,1
2.4466,2.642,-6.5609,1
2.5462,3.059,-6.9789,1
2.4787,3.1654,-7.1506,1
2.3453,2.9546,-7.3337,1
2.1498,2.3375,-7.8181,1
2.2055,2.1259,-8.2179,1
2.3454,2.4304,-8.2392,1
2.6335,3.4747,-8.3103,1
2.9239,3.7828,-9.0396,1
3.1174,3.5913,-9.2165,1
3.2994,2.4535,-9.465,1
3.3842,2.6531,-9.7383,1
3.8701,2.9805,-9.3218,1
4.0411,2.6279,-9.2537,1
4.3152,1.9995,-9.6679,1
4.6237,1.9888,-10.2249,1
4.8502,2.2815,-10.5099,1
4.9683,2.617,-9.9952,1
4.8747,2.7253,-9.9135,1
4.6277,2.6662,-9.5888,1
4.4186,1.8304,-9.3253,1
4.1119,1.2008,-9.8833,1
4.0239,1.4675,-9.9768,1
3.9148,2.0999,-10.2402,1
3.9696,1.9463,-10.0881,1
7.5935,1.0594,-21.4972,1
2.6604,1.2972,-4.8803,1
3.2024,0.8408,-9.7809,1
2.9781,0.7946,-10.2006,1
2.4705,0.6598,-9.972,1
1.9565,0.4221,-9.8988,1
1.7635,0.3626,-9.8916,1
1.7578,0.532,-10.1968,1
1.8461,0.5231,-10.4405,1
1.9201,0.4995,-10.4293,1
2.1341,0.5909,-10.2743,1
2.3361,0.7027,-10.2008,1
2.4588,0.6403,-10.1433,1
2.6323,0.5575,-10.0956,1
2.5232,0.5743,-10.0744,1
2.5673,0.5897,-10.0259,1
3.0617,0.7147,-10.328,1
4.2584,1.2549,-11.3021,1
5.347,1.2281,-13.5337,1
7.7038,0.6901,-16.5294,1
7.6411,0.196,-12.6602,1
6.4253,-0.7168,-10.417,1
5.0304,-0.9568,-9.0763,1
4.9297,0.8881,-9.8328,1
4.7764,1.6704,-10.2976,1
4.1017,2.226,-10.5797,1
3.3594,1.9954,-9.9524,1
3.0448,1.7722,-9.4909,1
2.6978,1.5045,-8.9947,1
2.9642,1.7301,-8.8571,1
3.2111,1.8355,-8.7445,1
3.582,1.8612,-8.4662,1
3.7869,1.6703,-8.4469,1
3.8334,1.6541,-8.4354,1
3.8074,1.8151,-8.1292,1
3.5795,1.895,-7.4925,1
3.3535,1.7783,-7.1608,1
2.8003,1.4465,-6.9519,1
2.2567,1.2507,-6.8549,1
2.0285,1.2192,-6.7792,1
1.8025,1.4694,-6.6593,1
1.9398,2.2223,-6.5043,1
2.0607,2.5396,-6.4429,1
2.2836,2.828,-6.2326,1
2.4494,2.824,-5.9035,1
2.5307,2.62,-5.9491,1
2.6668,2.2453,-6.347,1
2.7801,2.0505,-6.5371,1
2.7664,1.9424,-6.4688,1
2.4425,1.5719,-6.249,1
2.1334,1.7065,-6.2549,1
2.1032,2.1617,-6.4923,1
2.2292,3.0733,-6.627,1
2.2588,2.9926,-6.2501,1
2.2396,2.6601,-6.1537,1
2.1636,1.9703,-7.1805,1
2.5052,1.8395,-7.853,1
2.7813,1.7816,-7.742,1
3.1186,1.5809,-7.6616,1
3.238,2.0191,-8.1339,1
3.1135,2.5031,-8.4755,1
3.0173,2.4264,-8.3634,1
2.8229,1.7098,-8.4206,1
3.01,1.7193,-9.2189,1
3.1153,1.9929,-9.5535,1
3.1202,2.1142,-9.3265,1
2.9438,1.1057,-9.1726,1
3.0854,0.7368,-9.6205,1
3.9492,0.7976,-10.7595,1
5.0896,1.6501,-10.3504,1
5.5248,1.8955,-9.8584,1
5.9877,1.154,-9.2587,1
5.8721,0.2952,-9.3102,1
5.4034,-0.9062,-10.0075,1
5.206,0.0166,-11.0753,1
5.0298,0.8923,-10.9871,1
4.183,1.3352,-10.3627,1
3.0881,0.3531,-9.7178,1
2.6869,0.0525,-9.7091,1
7.5161,0.8045,-25.0003,1
4.963,-0.9958,-15.7402,1
3.1482,-0.7413,-10.3883,1
2.535,0.0247,-9.8424,1
2.0858,-0.1323,-9.5189,1
2.134,-0.1368,-10.0152,1
2.5772,0.0277,-10.2185,1
1.4814,0.108,-9.7211,1
1.5428,0.3196,-9.9695,1
2.0804,0.3861,-9.7368,1
2.1454,0.5387,-10.1297,1
2.1347,0.6328,-10.1091,1
2.5124,0.5052,-9.8931,1
3.0264,0.3216,-10.0862,1
3.3116,0.1959,-10.218,1
4.0906,-0.0935,-11.3464,1
5.8538,-0.6437,-16.1434,1
6.4992,-0.2225,-16.3708,1
5.0296,0.044,-10.7848,1
3.6998,-0.1124,-9.048,1
3.6185,0.233,-8.9049,1
3.4406,0.8893,-10.5266,1
3.314,1.2775,-11.4733,1
3.3519,1.4847,-10.9219,1
3.4432,1.6305,-9.5738,1
3.4732,1.0355,-9.5828,1
3.5537,0.801,-9.8049,1
3.7556,0.9324,-10.1999,1
3.8979,1.6559,-9.7022,1
3.8526,1.9182,-9.2826,1
3.4209,1.6218,-8.8901,1
2.9956,1.3611,-9.4215,1
2.9857,1.5571,-9.65,1
3.187,2.3457,-9.5286,1
3.396,2.7858,-8.7343,1
3.3091,2.6627,-8.4298,1
2.9176,1.8359,-8.4635,1
2.6424,1.3138,-8.6743,1
2.5262,1.2525,-8.7326,1
2.5199,1.563,-8.2425,1
2.4982,1.8566,-7.4986,1
2.1882,1.6803,-7.4677,1
2.0261,1.5942,-7.3861,1
1.9746,1.7312,-6.872,1
2.0663,2.1041,-6.256,1
2.0551,2.2217,-5.9768,1
1.8842,2.3028,-5.908,1
1.7433,2.345,-6.4121,1
1.7123,2.5521,-6.6595,1
1.7783,3.2515,-6.8097,1
1.8797,3.5623,-6.5447,1
2.0411,3.5904,-5.6998,1
2.0066,2.942,-6.0566,1
1.8733,2.2152,-7.0587,1
1.8777,2.0951,-7.383,1
2.0979,2.2434,-7.2627,1
2.2502,2.4681,-6.7133,1
2.2425,2.4187,-6.7596,1
2.1757,2.0544,-6.9368,1
2.3357,1.96,-7.0354,1
2.4108,2.0381,-7.1643,1
2.5471,2.2262,-7.3073,1
2.5405,2.2027,-7.7656,1
2.5709,2.1534,-8.0041,1
2.7738,2.2654,-8.434,1
3.0076,2.3941,-8.1918,1
3.1199,2.3623,-8.0125,1
3.1862,2.1585,-8.1021,1
3.2453,2.2505,-8.9554,1
3.3258,2.4526,-9.2865,1
3.244,2.3933,-9.6019,1
2.6879,1.3439,-9.5322,1
2.3598,0.6202,-9.3169,1
2.0629,-0.2123,-9.3413,1
2.5806,0.2191,-10.0468,1
3.0748,0.697,-10.2822,1
3.8895,1.5869,-10.0621,1
4.1267,1.7367,-9.4917,1
4.0555,1.5969,-9.2708,1
3.9566,1.7353,-10.1906,1
4.4249,2.2473,-10.7027,1
4.5837,1.9731,-10.8484,1
4.574,-0.1154,-11.2706,1
4.7933,-1.5438,-11.5264,1
5.8806,-1.8411,-15.5309,1
3.2501,1.2698,-2.9875,1
2.2898,0.0471,-10.6231,1
2.2482,-0.1724,-10.5195,1
2.2728,-0.1749,-10.1498,1
1.9332,-0.4482,-10.0305,1
1.3822,-0.3177,-9.284,1
1.5196,0.2593,-10.1701,1
0.8461,0.2586,-9.9235,1
0.5249,-0.0099,-9.9349,1
0.677,0.0346,-9.9962,1
0.9942,-0.2258,-9.9952,1
1.2369,0.034,-10.016,1
1.6111,0.0872,-10.1261,1
2.4343,0.5698,-10.3801,1
2.9878,1.0778,-10.6545,1
3.957,2.0744,-10.9279,1
5.1612,0.7287,-13.9862,1
6.5802,-0.5754,-16.656,1
6.1509,-0.8339,-13.696,1
4.2865,-1.965,-10.2135,1
4.1275,-1.2616,-9.9777,1
4.4115,1.1016,-10.0509,1
3.9192,1.5817,-10.4728,1
3.3715,1.1462,-10.5716,1
3.1386,0.902,-10.3358,1
3.055,0.9192,-9.8984,1
3.292,1.2827,-9.8475,1
3.4203,1.4784,-9.6585,1
3.6841,1.7418,-9.2005,1
3.7367,1.3838,-9.1533,1
3.6414,1.1147,-9.2277,1
3.2814,0.9366,-9.2237,1
2.9917,1.3919,-8.7923,1
2.939,1.807,-8.5341,1
2.7369,2.1265,-8.0111,1
2.3981,1.8664,-7.6308,1
2.241,1.6685,-7.6909,1
2.1509,1.4305,-7.7159,1
2.0244,1.2127,-7.3723,1
1.9471,1.2022,-7.0732,1
1.9118,1.3089,-6.7213,1
2.0485,1.5004,-6.5947,1
2.1489,1.6623,-6.6767,1
2.3936,2.2335,-6.8896,1
2.5624,2.7322,-6.6708,1
2.5266,2.8629,-6.3689,1
2.1569,2.8041,-6.2812,1
1.661,2.4566,-6.6667,1
1.4895,2.3185,-6.9127,1
1.4804,2.4153,-7.1365,1
1.4911,2.2286,-6.7988,1
1.4736,2.1156,-6.8176,1
1.5996,2.2342,-7.4871,1
2.0206,2.8005,-7.9606,1
2.2327,2.983,-7.8638,1
2.542,2.7529,-7.0627,1
2.7798,2.2302,-7.1419,1
2.8554,1.9751,-7.5977,1
3.0222,1.5841,-8.6884,1
2.9896,1.4015,-9.0619,1
2.891,1.5158,-8.7767,1
2.8183,1.8652,-7.6767,1
2.8949,1.8283,-7.5781,1
2.8983,1.6245,-7.9984,1
2.695,1.3282,-9.1482,1
2.2787,1.8405,-9.4797,1
2.2844,2.248,-8.9916,1
2.2363,2.0526,-8.179,1
2.266,0.9029,-8.4987,1
2.4578,0.6008,-9.2705,1
2.7592,0.3672,-10.4208,1
2.9824,0.4937,-9.5337,1
3.0891,0.5671,-9.1635,1
3.1814,0.9991,-9.7248,1
3.7831,1.7337,-10.2937,1
4.3567,1.9562,-10.345,1
5.5062,1.4147,-10.307,1
5.8107,0.1041,-10.4791,1
5.4263,-0.7519,-10.0968,1
4.1539,-2.0587,-9.3134,1
3.6067,-1.262,-10.4999,1
3.4764,-0.1288,-11.5546,1
3.1535,2.0559,-12.3491,1
2.4747,2.4315,-10.968,1
2.3355,1.7057,-11.2309,1
2.8931,1.2312,-11.3569,1
4.1532,-0.1844,-11.3316,1
4.7013,-0.7374,-11.6494,1
5.3287,-1.0521,-11.8031,1
5.0441,-0.841,-10.5878,1
4.5523,0.0657,-10.0815,1
4.1691,0.3316,-10.039,1
3.4325,0.3518,-10.1587,1
3.1463,0.2108,-10.7551,1
3.1445,0.3428,-11.2319,1
3.3743,0.8018,-11.8458,1
3.661,0.7786,-11.1052,1
3.856,0.5115,-10.5083,1
4.2099,-0.173,-10.3784,1
4.2455,-0.3798,-10.9912,1
4.1689,-0.1706,-11.3347,1
3.8804,0.5748,-11.0661,1
3.5581,0.9183,-9.6639,1
3.5494,1.0117,-9.3042,1
3.8005,1.12,-9.5418,1
3.7965,0.555,-10.4145,1
3.6568,0.268,-10.7573,1
3.4403,0.6843,-10.4657,1
3.5048,1.5468,-9.7472,1
3.4447,1.8084,-9.5105,1
2.9167,1.426,-9.619,1
2.5483,0.8896,-10.0624,1
2.6811,1.1254,-10.3228,1
3.2456,1.9336,-9.7686,1
3.4116,2.0111,-8.2676,1
3.2317,1.7151,-8.1647,1
2.4738,0.9749,-8.4396,1
1.8575,0.9206,-8.6254,1
1.7077,1.1106,-8.2958,1
1.829,1.8787,-7.5545,1
2.3911,3.0034,-7.2984,1
2.6351,3.2349,-7.3774,1
2.79,2.8142,-7.8274,1
2.4274,1.7939,-8.351,1
2.1828,1.2402,-8.0201,1
2.1353,1.2047,-7.5411,1
2.0957,1.5116,-6.9011,1
1.9477,1.9685,-7.2814,1
1.8317,2.2425,-7.3854,1
1.6819,2.8162,-7.213,1
1.6565,3.1211,-6.3981,1
1.671,3.1508,-5.983,1
1.7647,3.212,-5.3947,1
1.6857,3.0969,-5.965,1
1.5956,2.9298,-6.4245,1
1.4946,2.3936,-6.9038,1
1.46,1.889,-7.4312,1
1.5929,1.7723,-7.4555,1
1.9715,1.7669,-7.0639,1
2.3203,1.8361,-7.3177,1
2.4178,1.87,-7.7713,1
2.4081,1.8929,-8.3942,1
2.1877,1.7789,-7.7327,1
2.0505,1.6725,-7.0755,1
2.0572,1.7042,-7.1952,1
2.0231,1.694,-8.2073,1
2.1356,1.6085,-8.8565,1
2.2856,1.6201,-8.8406,1
2.6333,1.9181,-8.8517,1
3.0197,2.5343,-8.8886,1
3.128,2.5664,-8.8632,1
3.1279,1.6539,-8.781,1
3.1903,1.1975,-9.4801,1
3.3092,1.299,-9.8132,1
3.5689,1.5401,-9.8011,1
3.4985,0.851,-9.6373,1
3.5048,0.6722,-9.9328,1
3.6033,1.2155,-10.3509,1
3.3441,2.1392,-9.9277,1
3.0812,1.9779,-9.6218,1
2.3326,0.8052,-9.4068,1
2.1515,-0.2432,-10.1426,1
2.5585,0.0204,-10.6678,1
4.1144,1.5541,-11.6047,1
5.7845,2.5102,-11.9044,1
6.2023,2.1386,-11.7469,1
5.6463,-0.2292,-10.0815,1
5.2436,-1.708,-9.8466,1
5.233,-1.7793,-10.0854,1
4.9226,-0.0829,-13.6969,1
2.9518,1.7208,-7.2588,1
2.1036,1.1748,-12.2969,1
0.9753,-0.1908,-9.9985,1
1.8839,0.097,-9.3708,1
2.2975,0.2801,-9.5906,1
2.4834,0.0154,-10.6222,1
2.1165,0.0021,-10.524,1
2.0827,0.1434,-10.1561,1
2.5937,0.7416,-9.7083,1
3.2922,1.4154,-9.7909,1
3.5915,1.7487,-10.1402,1
4.4725,0.8963,-13.4586,1
5.4251,-0.5016,-15.6811,1
5.0135,-1.321,-13.6414,1
3.9482,-1.3192,-10.1843,1
3.9649,0.7673,-8.9955,1
3.8054,1.3861,-9.2079,1
2.8847,1.035,-10.5872,1
2.1051,0.6461,-11.2568,1
1.9953,0.876,-10.9548,1
2.6208,1.7781,-9.5026,1
3.2847,1.7876,-8.9479,1
3.3969,1.1693,-9.2216,1
3.4038,-0.1004,-10.0402,1
3.3975,-0.0156,-10.4487,1
3.3803,0.5409,-10.2191,1
3.3169,1.8305,-9.7076,1
2.8814,2.3162,-9.0019,1
2.5841,2.2945,-8.8886,1
2.1606,2.118,-8.9778,1
2.1178,2.0822,-8.9676,1
2.1337,1.9828,-8.7713,1
2.2565,1.5945,-8.1558,1
2.6041,1.1663,-7.8983,1
2.8724,0.8724,-8.4113,1
2.9506,0.8321,-8.5326,1
3.0671,1.1423,-8.0086,1
2.9127,1.5124,-7.1732,1
2.7078,1.5848,-6.8339,1
2.1968,1.4983,-6.5443,1
1.7561,1.3376,-6.4492,1
1.6044,1.3285,-6.4426,1
1.4928,1.6237,-6.4745,1
1.6308,2.4038,-6.517,1
1.6569,2.7099,-6.6108,1
1.5924,3.0525,-6.6683,1
1.4058,2.9939,-6.3903,1
1.2724,2.7876,-6.2118,1
1.1545,2.4642,-6.5184,1
1.2722,2.4445,-6.8694,1
1.8191,2.3899,-7.6258,1
2.6006,1.8227,-8.2636,1
3.522,1.1127,-9.0097,1
3.9944,0.9364,-9.3197,1
4.4276,0.9414,-8.7366,1
3.8289,0.7031,-7.2438,1
3.3959,0.6282,-7.2458,1
2.689,1.2435,-8.7881,1
2.2142,2.5314,-9.5991,1
1.9439,2.8599,-9.3311,1
1.3978,2.7592,-8.1404,1
1.308,2.6369,-8.1415,1
1.4588,2.4562,-8.5808,1
1.7925,1.5254,-9.016,1
2.475,1.0361,-9.8173,1
3.0348,1.2068,-10.3519,1
3.9801,1.3084,-10.1689,1
4.2219,0.4947,-9.2252,1
4.2095,0.0836,-9.339,1
4.1611,-0.3736,-10.1852,1
4.2802,-0.5302,-10.8248,1
4.4643,-0.1627,-10.9349,1
4.9026,0.9652,-11.2299,1
5.2521,1.4706,-10.5626,1
5.0636,1.1233,-10.4273,1
3.7686,0.1724,-10.4211,1
2.3216,0.1079,-11.1516,1
1.7277,0.0964,-11.1693,1
0.9704,0.0272,-10.4169,1
1.1215,0.7602,-9.3006,1
1.7521,1.3692,-9.4248,1
4.3705,2.4846,-7.6035,1
4.9303,-0.2511,-10.0841,1
4.7143,-0.6381,-9.7279,1
3.1273,0.1673,-9.3447,1
2.7044,0.7238,-9.4116,1
2.5648,0.5275,-9.7411,1
2.516,-0.0799,-9.8667,1
2.5838,0.1396,-10.1127,1
2.7031,0.4907,-10.2066,1
3.0302,1.1622,-10.2009,1
3.4881,1.1039,-12.2881,1
3.9926,0.5462,-13.8722,1
4.1946,-0.7347,-12.8675,1
4.2725,-1.5803,-11.7826,1
4.6192,-0.8621,-11.3931,1
4.6325,0.5095,-10.8942,1
3.7037,0.8366,-10.6265,1
2.7406,0.4965,-10.8598,1
2.3872,0.4866,-10.6177,1
2.1388,1.0145,-9.9274,1
2.8715,2.1364,-10.0515,1
3.3046,2.3106,-9.9261,1
3.5507,1.4403,-10.0462,1
3.414,0.3871,-10.5735,1
3.521,0.3181,-10.8035,1
3.7127,0.6858,-10.8399,1
3.4884,1.3958,-9.8583,1
3.2106,1.6936,-9.5862,1
2.658,1.984,-10.0539,1
2.1546,1.6493,-9.9261,1
1.9923,1.3355,-9.5535,1
2.0069,0.7609,-8.6324,1
2.5455,0.688,-8.1075,1
2.938,1.0937,-7.8881,1
3.3848,2.1002,-7.6459,1
2.7176,1.9053,-7.3279,1
2.2148,1.5775,-7.2157,1
1.6153,0.9893,-6.7724,1
1.3883,0.656,-5.7347,1
1.3931,0.6348,-5.1656,1
1.6819,1.3509,-5.1653,1
1.8343,2.3017,-6.7955,1
1.7104,2.5093,-7.2428,1
1.1509,2.2353,-6.3397,1
0.8407,2.1732,-5.0223,1
0.7799,2.236,-4.688,1
0.7893,2.6085,-5.2789,1
1.1386,3.3021,-6.494,1
1.261,3.5388,-7.2622,1
1.5366,3.4542,-8.026,1
1.8941,2.7877,-7.0009,1
2.0463,2.4461,-6.7853,1
2.4562,1.8721,-7.7622,1
3.0649,1.5441,-9.6564,1
3.3477,1.4214,-10.1219,1
3.5109,1.1699,-9.2051,1
3.1276,1.308,-7.785,1
2.8132,1.444,-7.5366,1
2.1223,1.7226,-8.1407,1
1.5844,2.4876,-8.8123,1
1.4063,2.9526,-8.9488,1
1.1935,3.166,-8.7439,1
1.2052,1.8413,-7.7973,1
1.4289,1.2635,-8.0308,1
2.2835,0.8748,-9.2479,1
3.1859,1.1709,-9.53,1
3.4909,1.2371,-9.4314,1
3.783,0.3739,-8.7694,1
3.8595,-0.8378,-9.2943,1
3.8786,-0.9384,-9.9361,1
3.8855,0.0367,-10.858,1
4.3996,1.5263,-10.6493,1
4.5553,1.823,-10.6846,1
3.83,1.2543,-11.0661,1
3.0067,0.4329,-10.9888,1
2.9974,0.2511,-11.0455,1
3.6655,0.0129,-11.4045,1
6.0947,-0.8323,-19.6748,1
6.2935,1.2104,-13.7085,1
3.8247,-1.0178,-13.8855,1
1.9412,-0.6554,-10.124,1
1.9439,0.214,-8.679,1
2.0717,-0.1624,-10.6084,1
1.7635,0.0702,-9.3271,1
1.653,0.0663,-9.7564,1
1.7336,0.0172,-9.744,1
2.1717,0.022,-9.7429,1
2.7831,0.5532,-9.799,1
3.1591,0.8241,-10.053,1
3.9573,0.5094,-10.6003,1
4.3666,-0.5971,-11.6333,1
4.607,-0.8773,-14.5134,1
4.1108,-0.3229,-15.5934,1
2.3369,0.0355,-11.5269,1
1.9635,0.1796,-10.1121,1
2.0809,1.1784,-8.5226,1
2.5257,1.8042,-10.6383,1
2.8677,1.6836,-11.2496,1
3.3926,0.7884,-10.7558,1
3.7722,-0.1802,-9.9066,1
3.9171,-0.4021,-10.0987,1
3.7959,-0.0537,-10.5313,1
3.2235,1.0618,-10.4583,1
3.021,1.5561,-10.4725,1
2.6127,2.0004,-9.8147,1
2.2088,1.8492,-9.5271,1
2.0379,1.4087,-9.6507,1
2.2866,1.1357,-10.1218,1
3.0866,1.5039,-9.852,1
3.3103,1.5272,-9.6804,1
3.2386,1.3379,-9.1671,1
2.6166,1.2097,-8.8238,1
2.2696,1.3482,-8.6766,1
1.7549,1.6851,-8.0197,1
1.4263,1.6936,-7.1646,1
1.3062,1.6596,-6.7561,1
1.3388,1.671,-6.3264,1
1.6743,2.0367,-6.8539,1
1.8757,2.1982,-7.2172,1
2.1769,2.238,-7.4481,1
2.2374,1.9842,-7.4228,1
2.2491,1.8905,-7.1421,1
2.4084,2.144,-6.3891,1
2.3412,2.6568,-6.4003,1
2.1392,2.7473,-6.6423,1
1.7609,2.5637,-6.7081,1
1.6376,2.4734,-7.0961,1
1.7518,2.5236,-7.1847,1
1.9658,2.4309,-6.4212,1
1.7708,2.1817,-6.258,1
1.6477,2.2404,-6.6925,1
1.3173,2.4731,-7.6442,1
1.1705,2.5619,-7.0244,1
1.3057,2.436,-6.2926,1
1.9347,2.1223,-6.0142,1
2.5229,1.8413,-7.9173,1
2.5938,1.5567,-8.9238,1
2.3634,0.6554,-9.5261,1
2.293,0.486,-8.1123,1
2.3123,0.7552,-7.5984,1
2.2667,1.6499,-7.7203,1
2.0261,2.2501,-8.4729,1
1.9002,2.3782,-8.584,1
1.6248,2.3351,-9.4318,1
1.9181,2.5781,-9.9581,1
2.3053,2.4949,-9.5065,1
3.1354,1.4566,-8.7858,1
3.9332,0.7555,-9.4465,1
4.1041,0.5986,-10.2497,1
4.1423,0.1942,-11.0635,1
4.2518,-0.4899,-10.6437,1
4.2534,-0.6838,-10.797,1
4.1052,-0.2177,-11.5267,1
4.7024,0.871,-11.2756,1
5.0812,1.271,-11.1511,1
4.8468,0.7117,-10.7591,1
3.6928,-0.7091,-10.0498,1
5.1582,-0.4559,-24.5837,1
3.1636,-1.4174,-22.3699,1
0.4697,-0.9004,-8.7831,1
0.0432,0.3886,-6.8971,1
1.7451,-0.6675,-10.6466,1
0.3035,0.2324,-11.0346,1
-0.5098,0.1148,-9.0851,1
0.4055,-0.0943,-10.0149,1
0.1603,-0.1924,-9.8105,1
0.1903,-0.0195,-9.8373,1
0.1565,-0.0186,-9.8131,1
-0.0578,-0.0031,-9.8928,1
0.1574,-0.0919,-10.2044,1
0.48,-0.0667,-10.1469,1
1.1256,0.0004,-9.9947,1
1.8447,-0.037,-10.7073,1
2.2796,-0.1061,-11.1365,1
3.0674,0.674,-12.0165,1
4.4525,0.4805,-16.7356,1
4.902,0.4239,-16.7594,1
3.8589,0.0739,-10.6745,1
3.4788,0.0802,-9.4302,1
3.6917,0.7834,-9.2602,1
3.01,1.1082,-10.0938,1
2.3034,0.6716,-11.1009,1
2.2959,0.8064,-11.0452,1
2.4018,1.1362,-10.1983,1
2.3984,1.4611,-9.3553,1
2.3528,1.5859,-9.5755,1
2.3429,2.0598,-10.5701,1
2.4104,2.3504,-10.198,1
2.542,2.3584,-9.7062,1
2.7613,2.4283,-8.5633,1
2.5854,2.6178,-8.7121,1
2.4909,3.064,-9.2766,1
2.2479,4.2201,-10.4398,1
2.0831,5.2221,-10.6514,1
2.1258,5.5367,-10.1867,1
2.3134,5.7778,-9.3215,1
2.5634,5.7027,-9.634,1
2.6296,5.3283,-9.9859,1
2.8572,4.5384,-11.0058,1
2.7848,4.1508,-11.0765,1
2.6823,4.017,-11.3784,1
0.9517,6.63,-5.2173,1
-1.4376,14.6048,0.5748,1
-1.6468,15.0764,-4.9241,1
-1.7686,14.4632,-11.0557,1
-2.639,9.6835,-11.1323,1
-2.7406,6.9394,-12.5963,1
-3.3,1.9303,-9.8475,1
-1.9261,-3.0819,-4.5898,1
2.0038,-5.6645,1.5631,1
7.2,-6.3252,-5.43,1
5.7096,1.9073,-4.5991,1
2.1409,6.6447,-3.9486,1
-3.2959,7.6146,-1.7035,1
-3.2742,1.0579,-1.9166,1
-2.0822,0.0763,-3.9929,1
-0.2282,2.561,-2.6582,1
-1.3954,7.6017,-1.3774,1
-0.7482,11.9372,0.2328,1
-0.3918,24.2162,-3.4429,1
0.8824,25.8668,-8.6248,1
-0.5293,21.8003,-5.2656,1
-1.7717,12.6266,-0.537,1
-2.0194,6.6622,1.8001,1
-2.0508,4.7139,1.9267,1
-2.4307,2.8126,3.2848,1
-1.7238,3.8768,3.0248,1
-0.8303,6.0252,1.9556,1
-0.5266,7.9411,1.3271,1
-0.9993,10.3286,0.9593,1
-1.1181,11.6035,0.8579,1
-2.1219,12.8447,1.4756,1
-3.4387,11.526,1.6819,1
-3.2009,9.5357,0.8481,1
-2.8582,8.5482,0.9171,1
-2.2148,7.4142,1.3405,1
-1.8482,8.0448,1.9936,1
-1.7066,9.1255,1.7295,1
-1.1236,10.2548,1.3449,1
-1.2677,10.0574,1.094,1
-1.3713,10.0353,0.8197,1
-1.098,10.9467,0.7422,1
-1.0527,11.7127,0.526,1
-2.358,10.4544,0.3838,1
-3.1692,7.828,1.6598,1
-3.175,7.0361,3.6639,1
-3.3238,7.7827,4.3507,1
-5.1399,9.9593,2.999,1
-6.2134,10.1676,0.6202,1
-5.8941,9.2295,1.2128,1
-4.0911,8.3031,2.1419,1
-3.0379,6.7484,2.8507,1
-2.0025,6.4489,3.0507,1
-0.8956,7.9431,4.1403,1
-1.5944,9.8527,3.8321,1
-1.4676,10.137,4.2294,1
-2.3958,9.6759,2.1962,1
-3.0851,8.4056,2.8747,1
-3.305,7.6439,3.5279,1
-3.3552,6.2291,4.477,1
-2.5603,6.8443,5.1547,1
-2.1687,7.9684,4.8372,1
-1.8949,8.7287,2.8874,1
-1.8031,9.1858,2.9803,1
-2.1859,8.7245,4.1762,1
-2.9723,6.589,4.9442,1
-1.9151,10.3082,4.1001,1
-2.6324,12.1803,1.2528,1
-1.4129,12.6912,-1.0165,1
0.209,11.8185,0.4265,1
0.9216,11.0602,1.5597,1
2.2318,10.3627,3.8261,1
3.1057,9.9168,5.9475,1
3.1295,8.2034,6.0868,1
2.2302,5.4962,3.5353,1
1.5684,4.6033,2.1021,1
1.2183,4.5527,1.7145,1
0.9421,6.0953,1.7743,1
0.5962,11.2089,7.1216,1
0.0625,13.4051,7.3762,1
-0.001,14.2506,1.4341,1
-0.1387,13.2208,0.1372,1
-2.1641,3.3866,5.7013,1
-0.5432,5.9711,2.6474,1
1.0099,17.3669,1.5419,1
1.2697,17.0006,2.7262,1
1.0629,15.7947,2.0877,1
2.6371,14.8256,4.6458,1
4.2488,13.6932,3.8334,1
4.5095,12.6408,-0.5394,1
2.3005,17.4148,-1.1414,1
1.4157,17.3264,-0.4212,1
0.4735,16.9041,1.4694,1
-0.4369,15.6787,9.1463,1
-0.3163,13.4943,7.6754,1
-0.267,11.574,6.7413,1
-2.0141,11.2486,5.3798,1
-3.3496,9.9279,-4.5765,1
-4.6335,9.7796,-5.3115,1
-9.5153,9.6374,-4.7942,1
-8.453,5.7805,-8.9798,1
-10.1712,5.5082,-8.9117,1
-11.1525,3.1132,-7.435,1
-9.2293,3.1937,-8.6965,1
-7.9514,3.5729,-11.2195,1
-4.1602,2.5133,-11.7367,1
2.2275,1.245,-9.5746,1
4.1601,0.5725,-9.6835,1
5.7492,0.9028,-9.0182,1
5.1276,1.3144,-7.3263,1
4.2385,1.7873,-5.9261,1
4.312,2.0684,-8.6938,1
6.8027,1.7078,-7.2269,1
6.2384,1.6017,-3.4705,1
4.6181,3.115,-3.9576,1
0.5969,3.7435,-6.355,1
-0.68,4.1173,-7.1171,1
-0.4766,4.1056,-6.8262,1
1.0567,3.1428,-5.0009,1
1.0548,2.9781,-6.1948,1
-0.832,3.1991,-7.0286,1
-2.2576,3.7605,-5.9412,1
-2.2253,3.6642,-5.8802,1
-1.4232,2.7892,-9.5632,1
-4.2303,3.0652,-12.1147,1